-- phpMyAdmin SQL Dump
-- version 5.2.0
-- https://www.phpmyadmin.net/
--
-- Hôte : 127.0.0.1:3306
-- Généré le : lun. 06 nov. 2023 à 09:17
-- Version du serveur : 8.0.31
-- Version de PHP : 8.0.26

SET SQL_MODE = "NO_AUTO_VALUE_ON_ZERO";
START TRANSACTION;
SET time_zone = "+00:00";


/*!40101 SET @OLD_CHARACTER_SET_CLIENT=@@CHARACTER_SET_CLIENT */;
/*!40101 SET @OLD_CHARACTER_SET_RESULTS=@@CHARACTER_SET_RESULTS */;
/*!40101 SET @OLD_COLLATION_CONNECTION=@@COLLATION_CONNECTION */;
/*!40101 SET NAMES utf8mb4 */;

--
-- Base de données : `cyberyahyakalvin`
--
CREATE DATABASE IF NOT EXISTS `cyberyahyakalvin` DEFAULT CHARACTER SET utf8mb4 COLLATE utf8mb4_general_ci;
USE `cyberyahyakalvin`;

DELIMITER $$
--
-- Procédures
--
DROP PROCEDURE IF EXISTS `proc_liste_niveauDifficulte`$$
CREATE DEFINER=`root`@`localhost` PROCEDURE `proc_liste_niveauDifficulte` ()   BEGIN

SELECT libelle
	FROM niveaudifficulte;

END$$

DROP PROCEDURE IF EXISTS `proc_liste_questions_quiz`$$
CREATE DEFINER=`root`@`localhost` PROCEDURE `proc_liste_questions_quiz` (IN `nomQuiz` VARCHAR(32))   BEGIN

SELECT question.Libelle
FROM `question` 

INNER JOIN questionsquiz
ON questionsquiz.question_numero = question.P_numero 

INNER JOIN quiz
ON questionsquiz.quiz_numero = quiz.P_numero 

WHERE LOWER(quiz.Titre) = LOWER(nomQuiz);

END$$

DROP PROCEDURE IF EXISTS `proc_liste_questions_theme_difficulte`$$
CREATE DEFINER=`root`@`localhost` PROCEDURE `proc_liste_questions_theme_difficulte` (IN `theme` VARCHAR(64), IN `difficulte` VARCHAR(64))   BEGIN

SELECT question.Libelle
FROM `question`

INNER JOIN theme ON
question.theme_numero = theme.P_Numero

INNER JOIN niveaudifficulte ON
question.niveauDifficulte_id = niveaudifficulte.P_id

WHERE LOWER(theme.libelle) = LOWER(theme) AND
LOWER(niveaudifficulte.libelle) = LOWER(difficulte);

END$$

DROP PROCEDURE IF EXISTS `proc_liste_quiz_theme_difficulte`$$
CREATE DEFINER=`root`@`localhost` PROCEDURE `proc_liste_quiz_theme_difficulte` (IN `theme` VARCHAR(64), IN `difficulte` VARCHAR(64))   BEGIN

SELECT Titre, nombreQuestions 
FROM `quiz` 

INNER JOIN theme ON
quiz.P_numero = theme.P_Numero

INNER JOIN niveaudifficulte ON
quiz.NiveauDifficulte_id = niveaudifficulte.P_id

WHERE LOWER(theme.libelle) = LOWER(theme) AND
LOWER(niveaudifficulte.libelle) = LOWER(difficulte);

END$$

DROP PROCEDURE IF EXISTS `proc_liste_reponses_question`$$
CREATE DEFINER=`root`@`localhost` PROCEDURE `proc_liste_reponses_question` (IN `libelleQuestion` VARCHAR(256))   BEGIN

SELECT propositions.libelle, reponse.bonneReponse
FROM `reponse`

INNER JOIN propositions ON
reponse.proposition_numero = propositions.P_numero

INNER JOIN question ON
reponse.question_numero = question.P_numero

WHERE LOWER(question.Libelle) = LOWER(libelleQuestion);

END$$

DROP PROCEDURE IF EXISTS `proc_liste_theme`$$
CREATE DEFINER=`root`@`localhost` PROCEDURE `proc_liste_theme` ()   BEGIN

SELECT libelle
	FROM theme;

END$$

DELIMITER ;

-- --------------------------------------------------------

--
-- Structure de la table `joueur`
--

DROP TABLE IF EXISTS `joueur`;
CREATE TABLE IF NOT EXISTS `joueur` (
  `P_id` int NOT NULL AUTO_INCREMENT COMMENT 'clé primaire du joueur',
  `nom` varchar(32) CHARACTER SET utf8mb4 COLLATE utf8mb4_general_ci NOT NULL,
  `prenom` varchar(64) CHARACTER SET utf8mb4 COLLATE utf8mb4_general_ci NOT NULL,
  `dateNaissance` date DEFAULT NULL,
  `mail` varchar(256) CHARACTER SET utf8mb4 COLLATE utf8mb4_general_ci DEFAULT NULL,
  `login` varchar(64) CHARACTER SET utf8mb4 COLLATE utf8mb4_general_ci DEFAULT NULL,
  `motDePasse` varchar(128) CHARACTER SET utf8mb4 COLLATE utf8mb4_general_ci DEFAULT NULL,
  `Section_id` tinyint NOT NULL,
  PRIMARY KEY (`P_id`),
  KEY `joueur_section_CLE` (`Section_id`)
) ENGINE=InnoDB DEFAULT CHARSET=utf8mb4 COLLATE=utf8mb4_general_ci;

--
-- Déclencheurs `joueur`
--
DROP TRIGGER IF EXISTS `avant_insertion_joueur`;
DELIMITER $$
CREATE TRIGGER `avant_insertion_joueur` BEFORE INSERT ON `joueur` FOR EACH ROW BEGIN
	-- Contrôle du nom et prénom
	SET new.nom = UPPER(new.nom);
    SET new.prenom = LOWER(new.prenom);
END
$$
DELIMITER ;

-- --------------------------------------------------------

--
-- Structure de la table `niveaudifficulte`
--

DROP TABLE IF EXISTS `niveaudifficulte`;
CREATE TABLE IF NOT EXISTS `niveaudifficulte` (
  `P_id` varchar(1) CHARACTER SET utf8mb4 COLLATE utf8mb4_general_ci NOT NULL COMMENT 'clé primaire du niveau de difficulté',
  `libelle` varchar(64) CHARACTER SET utf8mb4 COLLATE utf8mb4_general_ci NOT NULL,
  PRIMARY KEY (`P_id`)
) ENGINE=InnoDB DEFAULT CHARSET=utf8mb4 COLLATE=utf8mb4_general_ci;

--
-- Déchargement des données de la table `niveaudifficulte`
--

INSERT INTO `niveaudifficulte` (`P_id`, `libelle`) VALUES
('D', 'difficile'),
('F', 'facile'),
('M', 'moyen');

--
-- Déclencheurs `niveaudifficulte`
--
DROP TRIGGER IF EXISTS `avant_insertion_niveauDifficulte`;
DELIMITER $$
CREATE TRIGGER `avant_insertion_niveauDifficulte` BEFORE INSERT ON `niveaudifficulte` FOR EACH ROW BEGIN
	-- Contrôle du nom
	SET new.libelle = lower(new.libelle);
END
$$
DELIMITER ;

-- --------------------------------------------------------

--
-- Structure de la table `propositions`
--

DROP TABLE IF EXISTS `propositions`;
CREATE TABLE IF NOT EXISTS `propositions` (
  `P_numero` int NOT NULL AUTO_INCREMENT COMMENT 'Clé primaire de la proposition',
  `libelle` varchar(256) CHARACTER SET utf8mb4 COLLATE utf8mb4_general_ci NOT NULL,
  PRIMARY KEY (`P_numero`)
) ENGINE=InnoDB AUTO_INCREMENT=750 DEFAULT CHARSET=utf8mb4 COLLATE=utf8mb4_general_ci;

--
-- Déchargement des données de la table `propositions`
--

INSERT INTO `propositions` (`P_numero`, `libelle`) VALUES
(1, ' je demande au responsable du réseau social concerné de le faire\r'),
(2, ' je vais régler la configuration de mon compte dans les paramètres\r'),
(3, ' ça se fait tout seul non ?\r'),
(4, ' je laisse la configuration par défaut car elle doit être bonne\r'),
(5, ' je dois faire quelque chose ?\r'),
(6, ' je change le mot de passe avec un mot de passe classique password par exemple pour ne pas l’oublier quand je reviendrais.\r'),
(7, 'je le garde comme il est'),
(8, ' je le supprime pour éviter que mon compte soit utilisé à mon insu ou que mes informations ne soient récupérées par des tiers\r'),
(9, ' il n’y aucun risque puisque internet c’est sécurisé.\r'),
(10, 'ça ne craint rien\r'),
(11, 'c’est se mettre en danger\r'),
(12, 'tout le monde le fait !\r'),
(13, 'oui\r'),
(14, 'non\r'),
(15, 'peut être, ça doit être important\r'),
(16, 'je ne sais pas\r'),
(17, 'je fais preuve de discernement lorsque j’évoque mon travail car cela pourrait me porter préjudice ainsi qu’à mon entreprise\r'),
(18, 'sur les réseaux sociaux, je peux m’exprimer sans crainte que mes propos soient interprétés ou rediffusés\r'),
(19, 'je suis vigilant sur les contenus partagés par mes contacts, qui peuvent publier des contenus malveillants à leur insu\r'),
(20, 'je vérifie régulièrement qu’il n’y a aucune connexion sur mon compte depuis un appareil inconnu\r'),
(21, '9 ans\r'),
(22, '11 ans\r'),
(23, '13 ans\r'),
(24, '15 ans\r'),
(25, 'bien sûr puisqu\'ils ont donné leurs noms ou leurs prénoms\r'),
(26, 'oui ils sont tous mes amis\r'),
(27, 'snapchat\r'),
(28, 'instagram\r'),
(29, 'facebook\r'),
(30, 'tik tok\r'),
(31, 'ma photo de profil\r'),
(32, 'mon nom, mon prénom\r'),
(33, 'mon pseudo\r'),
(34, 'ben tout ça en fait !\r'),
(35, 'la minute qui suit la demande\r'),
(36, 'l’heure qui suit la demande\r'),
(37, 'les 15 jours qui suivent la demande\r'),
(38, 'les 30 jours qui suivent la demande\r'),
(39, 'ce que j\'aimerais que l\'on dise de moi\r'),
(40, 'ce que je publie, ce que ‘jaime’ , commente, etc.\r'),
(41, 'que les commentaires désagréables me concernant\r'),
(42, 'une nouvelle mode de défilé sur internet\r'),
(43, '2 %\r'),
(44, '18 %\r'),
(45, '48 %\r'),
(46, '100 %\r'),
(47, 'je ne pense pas que ça change grand chose\r'),
(48, 'non, c’est un certificat pour l’utilisation du numérique\r'),
(49, 'non, c’est un jeu de hasard\r'),
(50, 'non, c’est une dédicace par l\'image\r'),
(51, 'un terme qui désigne une méthode journalistique\r'),
(52, 'une distribution publique de câlins, filmée et partagée sur le net\r'),
(53, 'un terme qui désigne le fait d’être heureux de publier une photo.\r'),
(54, 'le fait de filmer avec un téléphone portable l’agression physique d’une personne et à faire circuler la vidéo de cette agression.\r'),
(55, 'les noter sur un post-it pour s’en souvenir\r'),
(56, 'choisir un mot de passe suffisamment complexe\r'),
(57, 'les confier à quelqu’un d’autre en cas de besoin\r'),
(58, 'ne pas en mettre\r'),
(59, 'est facile le prénom de mes enfants/parents, ma date de naissance, etc.\r'),
(60, 'comporte au moins 12 caractères mélangeant des majuscules, des minuscules, des chiffres et des caractères spéciaux\r'),
(61, 'est composé du nom de mon acteur préféré\r'),
(62, 'est le mot ‘password’\r'),
(63, 'je change à chaque fois le mot de passe\r'),
(64, 'j’utilise un logiciel de gestion mots de passe\r'),
(65, 'je le note sur mon téléphone\r'),
(66, 'je le note sur un papier, mais je le cache dans le tiroir de mon bureau.\r'),
(67, 'je n’enregistre pas les mots de passe et me déconnecte après utilisation\r'),
(68, 'j’enregistre les mots de passe.\r'),
(69, 'je laisse ma session ouverte\r'),
(70, 'j\'enlève les mots de passe, j’utilise le même ordinateur\r'),
(71, 'ce n’est pas utile de sécuriser mes réseaux sociaux car seuls mes amis peuvent voir mon profil\r'),
(72, 'j’utilise le même mot de passe sur tous mes réseaux sociaux car c’est plus simple à retenir\r'),
(73, 'j’utilise des mots de passe complexes\r'),
(74, 'j’utilise la date de naissance de chaque membre de ma famille sur les différents réseaux, comme ça ils sont bien différents.\r'),
(75, 'votre nom\r'),
(76, 'une combinaison de minuscules et de majuscules\r'),
(77, 'votre numéro de téléphone\r'),
(78, 'votre date de naissance mais à l’envers bien entendu\r'),
(79, 'inutile, le mien est super robuste\r'),
(80, 'judicieux toutes les semaines\r'),
(81, 'conseillé si c’est fait régulièrement avec un nouveau mot de passe\r'),
(82, 'inutile de toute façon les hackers vont les trouver, autant garder le même\r'),
(83, 'force brute\r'),
(84, 'dictionnaire\r'),
(85, 'man in the middle\r'),
(86, 'keylogger ou enregistreur de frappe\r'),
(87, 'enpass\r'),
(88, 'mozilla\r'),
(89, 'skype\r'),
(90, 'security\r'),
(91, 'bien sûr, c’est gentil de sa part\r'),
(92, 'surtout pas\r'),
(93, 'bien sûr c’est un ami il ne le répètera à personne\r'),
(94, 'evidemment c’est mon anniversaire quand même !\r'),
(95, 'les messages privés seront automatiquement supprimés.\r'),
(96, 'les utilisateurs recevront un avertissement.\r'),
(97, 'les comptes peuvent être piratés.\r'),
(98, 'les photos de profil seront floues.\r'),
(99, 'utiliser le même mot de passe pour tous vos comptes en ligne.\r'),
(100, 'changer vos mots de passe uniquement quand vous êtes attaqué\r'),
(101, 'utiliser un gestionnaire de mots de passe pour stocker et générer des mots de passe forts.\r'),
(102, 'écrire tous vos mots de passe sur un post-it et le coller sur votre écran d\'ordinateur.\r'),
(103, '123456\r'),
(104, '123456789\r'),
(105, 'azerty\r'),
(106, '1234561\r'),
(107, 'des propos répétés en ligne qui dégradent les conditions de vie de la victime\r'),
(108, 'l’affichage de publicités ciblées intempestives lors de la navigation sur internet\r'),
(109, 'le partage systématique et répété de fake news sur internet\r'),
(110, 'le piratage des données personnelles de la victime\r'),
(111, '1 ado sur 1000\r'),
(112, '1 ado sur 10\r'),
(113, '1 ado sur 100\r'),
(114, '1 ado sur 10000\r'),
(115, '12 %\r'),
(116, '25 %\r'),
(117, '78 %\r'),
(118, '96 %\r'),
(119, 'piratage de compte, usurpation didentité\r'),
(120, 'divergence d’opinion\r'),
(121, 'intimidations, insultes, moqueries\r'),
(122, 'rumeurs en ligne\r'),
(123, 'jalousie\r'),
(124, 'vengeance\r'),
(125, 'l’amour\r'),
(126, 'religion\r'),
(127, 'le signaler en appelant le 3018 ou le 3020\r'),
(128, 'appeler la police\r'),
(129, 'on ne peut rien faire malheureusement\r'),
(130, 'rien j’attend que ça passe\r'),
(131, 'le changement de comportement ou d’humeur\r'),
(132, 'les réactions moqueuses ou/et l’isolement dun élève\r'),
(133, 'le rejet du numérique par le jeune\r'),
(134, 'l’utilisation excessive des réseaux sociaux\r'),
(135, '18 ans\r'),
(136, '11 ans\r'),
(137, 'être ennuyés ou harcelés\r'),
(138, 'se faire voler leur données personnelles\r'),
(139, 'perdre leurs mots de passe\r'),
(140, 'ne pas utiliser le bon filtre sur instagram\r'),
(141, '3018\r'),
(142, '2018\r'),
(143, '1998\r'),
(144, '1978\r'),
(145, 'amélioration de l\'estime de soi\r'),
(146, 'traumatisme émotionnel et détresse\r'),
(147, 'croissance des amitiés en ligne\r'),
(148, 'gains de popularité\r'),
(149, 'aucune loi ne traite spécifiquement du cyber-harcèlement\r'),
(150, 'les lois contre le cyber-harcèlement sont nombreuses, mais rarement appliquées\r'),
(151, 'les lois contre le cyber-harcèlement ne sont pas nécessaires\r'),
(152, 'il existe des lois spécifiques contre le cyber-harcèlement dans de nombreuses juridictions\r'),
(153, 'les réseaux sociaux encouragent activement le cyber-harcèlement\r'),
(154, 'les réseaux sociaux mettent en place des politiques et des outils pour signaler et lutter contre le cyber-harcèlement\r'),
(155, 'les réseaux sociaux ne jouent aucun rôle dans la prévention du cyber-harcèlement\r'),
(156, 'les réseaux sociaux promeuvent le cyber-harcèlement\r'),
(157, 'travaux d\'intérêt général.\r'),
(158, '18 mois de prison et une amende de 7 500 euros.\r'),
(159, '2 ans de prison et 30 000 euros d\'amende.\r'),
(160, 'rien la victime est mineure.\r'),
(161, 'en encourageant le respect en ligne\r'),
(162, 'en gardant le silence et en subissant le harcèlement\r'),
(163, 'en se moquant des victimes en ligne\r'),
(164, 'en partageant des informations personnelles en ligne\r'),
(165, 'je ne fais jamais fonctionner le wi-fi et le bluetooth en même temps\r'),
(166, 'je mets régulièrement mes appareils à jour\r'),
(167, 'je mets le code pin à 0000 .\r'),
(168, 'j’équipe mes appareils d’une coque et d’une protection d’écran\r'),
(169, 'sur le site officiel du fournisseur\r'),
(170, 'sur les magasins officiels d’applications google play\r'),
(171, 'sur n’importe quel site\r'),
(172, 'sur les magasins officiels d’applications app store\r'),
(173, 'j’utilise un stockage de données professionnelles distinct du stockage de données personnelles\r'),
(174, 'j’utilise ma connexion professionnelle uniquement pour mes besoins professionnels\r'),
(175, 'j’utilise mon matériel professionnel pour des besoins personnels\r'),
(176, 'j’effectue les mises à jour de mes systèmes très régulièrement\r'),
(177, 'j’accepte tout ce que l’on me demande\r'),
(178, 'je n’autorise pas l’accès à mes photos, mes contacts et mes messages\r'),
(179, 'je vais sur le premier site que je trouve\r'),
(180, 'je n’autorise pas l’accès à mes photos, mais j’accepte l’accès à mes contacts et mes messages\r'),
(181, 'je regarde le contenu, si ça se trouve c’est important\r'),
(182, 'je n’ouvre pas la pièce jointe\r'),
(183, 'je regarde, pour confirmer que c’est une attaque\r'),
(184, 'ma messagerie est sécurisée, je me fais donc une peur pour rien, j’ouvre.\r'),
(185, 'un message d’avertissement concernant votre utilisation d’internet\r'),
(186, 'un conseil pour pirater des films sur internet\r'),
(187, 'un avis sur les jeux en ligne destinés aux enfants\r'),
(188, 'un niveau d’utilisation des jeux vidéos.\r'),
(189, 'c’est la peur de louper un appel\r'),
(190, 'c’est la peur de louper une notification\r'),
(191, 'c\'est la peur de se retrouver sans son portable\r'),
(192, 'c’est la peur des appels de démarchage qui n’arrêtent jamais\r'),
(193, 'la renommée\r'),
(194, 'l’appât du gain\r'),
(195, 'l\'espionnage industriel\r'),
(196, 'le chantage intellectuel\r'),
(197, 'open web application public\r'),
(198, 'open worldwide application security project\r'),
(199, 'obsolescence web appliquée projets\r'),
(200, 'ouverture du web aux personnes\r'),
(201, 'prévention\r'),
(202, 'création\r'),
(203, 'réaction\r'),
(204, 'evolution\r'),
(205, 'les ‘white hats’ et les ‘black hats’\r'),
(206, 'les ‘data hackers’ et les ‘data scientists’\r'),
(207, 'les  ‘all blacks’ et les ‘all whites’\r'),
(208, 'les ‘wicked hats’ et les ‘kind hats’\r'),
(209, 'hoax\r'),
(210, 'buzz\r'),
(211, 'hack\r'),
(212, 'virus\r'),
(213, 'une organisation à but lucratif\r'),
(214, 'une réglementation européenne sur la protection des données personnelles\r'),
(215, 'une agence gouvernementale chargée de la cybersécurité\r'),
(216, 'un réseau social populaire\r'),
(217, 'une attitude qui valorise la sécurité en ligne dans une organisation\r'),
(218, 'une approche pour maximiser les likes sur les réseaux sociaux\r'),
(219, 'une façon de gagner de l\'argent en ligne\r'),
(220, 'une méthode pour pirater des comptes en ligne\r'),
(221, 'ils appartiennent tous à la même entreprise\r'),
(222, 'tous leurs logos sont bleu et rouge\r'),
(223, 'aucun ne propose la possibilité de faire des stories\r'),
(224, 'il n’y en a pas !\r'),
(225, 'accepter sa demande\r'),
(226, 'discuter avec la personne et décider après\r'),
(227, 'supprimer la demande, si la personne te connaît, elle te le dira en message privé\r'),
(228, 'accepter sa demande en mettant une réserve.\n'),
(229, 'contrôler les commentaires une fois en ligne\r'),
(230, 'autoriser des commentaires libres pour responsabiliser les visiteurs\r'),
(231, 'lire chaque commentaire avant d’autoriser la publication\r'),
(232, 'autoriser les commentaires par défaut et attendre les retours des utilisateurs\r'),
(233, '6 %\r'),
(234, '16 %\r'),
(235, '26 %\r'),
(236, '56 %\r'),
(237, 'un type de pêche en ligne\r'),
(238, 'une technique pour voler des informations personnelles\r'),
(239, 'une nouvelle fonctionnalité de partage d\'images\r'),
(240, 'une méthode pour gagner des abonnés\r'),
(241, 'pour personnaliser les publicités que vous voyez\r'),
(242, 'pour améliorer la sécurité de votre compte\r'),
(243, 'pour augmenter le nombre de ‘j’aime\' sur vos publications\r'),
(244, 'pour masquer vos amis de la liste d\'amis\r'),
(245, 'maximiser le nombre d\'abonnés\r'),
(246, 'rendre les publications plus amusantes\r'),
(247, 'protéger la vie privée des utilisateurs\r'),
(248, 'accélérer la vitesse de connexion\r'),
(249, '1997\r'),
(250, '2003\r'),
(251, '2001\r'),
(252, '1999\r'),
(253, 'ransomware\r'),
(254, 'spam\r'),
(255, 'phishing (hameçonnage)\r'),
(256, 'usurpation d\'identité\r'),
(257, 'partager votre mot de passe avec des amis proches ou votre copine\r'),
(258, 'télécharger tous les fichiers partagés sans vérification\r'),
(259, 'ignorer les demandes d\'amis de personnes inconnues\r'),
(260, 'utiliser un mot de passe complexe et unique\r'),
(261, 'signaler le message comme spam ou suspect\r'),
(262, 'ignorer le message\r'),
(263, 'réponde en partageant des informations personnelles\r'),
(264, 'ajouter l\'expéditeur en ami\r'),
(265, 'utiliser notre identité\r'),
(266, 'se faire passer pour quelqu’un d’autre\r'),
(267, 'modifier nos noms et prénoms\r'),
(268, 'un jeu populaire\r'),
(269, 'un community manager\r'),
(270, 'un modérateur\r'),
(271, 'un influenceur\r'),
(272, 'un générateur\r'),
(273, 'un organisme pour aider les seniors.\r'),
(274, 'un groupe de personnes ayant les mêmes revenus.\r'),
(275, 'un site où on peut publier des informations.\r'),
(276, 'un groupe de personnes ayant les mêmes idées.\r'),
(277, 'un document numérisé disponible sur mon téléphone\r'),
(278, 'une carte d’identité scannée\r'),
(279, 'une carte d\'identité qui permet d’accéder à des services sur internet\r'),
(280, 'toutes nos traces numériques sur internet\r'),
(281, ' sauvegarder mes données\r'),
(282, 'défragmenter mon disque dur\r'),
(283, 'nettoyer les données\r'),
(284, 'nettoyer mon disque dur\r'),
(285, 'non, les attaques viennent du réseau\r'),
(286, 'oui, cela fait parti des attaques à prévoir\r'),
(287, 'non, personne ne rentrera sur notre site.\r'),
(288, 'non, les attaques sont logicielles.\r'),
(289, 'recommandée parce que ça évite d’utiliser les réseaux\r'),
(290, 'contrôlée parce que c’est aussi un vecteur d’attaque\r'),
(291, 'ignorée, les clés usb ne sont que des supports de stockage\r'),
(292, 'recommandée parce que ça permet d’isoler les données\r'),
(293, 'plus risqué que d’utiliser des appareils fournis par mon entreprise\r'),
(294, 'aussi risqué que d’utiliser des appareils fournis par mon entreprise\r'),
(295, 'moins risqué que d’utiliser des appareils fournis par mon entreprise puisque c’est le mien !\r'),
(296, 'conseillé, comme ça j’ai toujours mon travail avec moi.\r'),
(297, 'je ne le fais qu’à partir de mon ordinateur professionnel\r'),
(298, 'je ne le fais qu’à partir de mon ordinateur personnel\r'),
(299, 'je ne le fais jamais\r'),
(300, 'je ne le fais quà partir de mon téléphone personnel\r'),
(301, 'tout le monde devrait avoir un accès total à tous les systèmes et données d\'un si\r'),
(302, 'plus de privilèges signifie une meilleure sécurité\r'),
(303, 'accorder aux utilisateurs uniquement les privilèges dont ils ont besoin pour leur travail, limitant ainsi les risques de sécurité\r'),
(304, 'partager les mots de passe avec tous les utilisateurs\r'),
(305, 'ouvrir tous les fichiers joints aux e-mails sans hésitation.\r'),
(306, 'cliquer sur des liens provenant d\'e-mails non sollicités.\r'),
(307, 'utiliser un logiciel antivirus et le maintenir à jour.\r'),
(308, 'ignorer les mises à jour de sécurité.\r'),
(309, 'simplifier l\'accès aux données sensibles.\r'),
(310, 'réduire les coûts de sécurité.\r'),
(311, 'renforcer l\'authentification des utilisateurs.\r'),
(312, 'encourager le partage d\'identifiants.\r'),
(313, 'augmenter les heures de travail.\r'),
(314, 'réduire les coûts de formation.\r'),
(315, 'sensibiliser aux menaces de sécurité.\r'),
(316, 'améliorer la satisfaction des employés.\r'),
(317, 'prévenir toutes les attaques.\r'),
(318, 'déterminer qui est responsable des incidents.\r'),
(319, 'fournir des services de messagerie sécurisés.\r'),
(320, 'gérer et réagir de manière appropriée aux incidents de sécurité.\r'),
(321, 'fuite de documents internes.\r'),
(322, 'accès non autorisé aux locaux.\r'),
(323, 'manipulation des employés pour obtenir des informations confidentielles.\r'),
(324, 'changement fréquent des politiques de sécurité.\r'),
(325, 'réduction générale des privilèges pour les données\r'),
(326, 'rapport global sur les préoccupations de développement\r'),
(327, 'réglementation générale des programmes associés aux datas\r'),
(328, 'règlement général sur la protection des données\r'),
(329, 'https\r'),
(330, 'ftp\r'),
(331, 'smtp\r'),
(332, 'http\r'),
(333, 'je laisse mon ordinateur comme il est, je suis tout seul dans mon bureau ça ne craint rien\r'),
(334, 'je ferme ma session\r'),
(335, 'j\'éteins mon écran\r'),
(336, 'je demande à mon collègue de surveiller mon ordinateur\r'),
(337, 'utiliser des mots de passe simples et faciles à retenir\r'),
(338, 'réutiliser le même mot de passe sur tous les application de l’entreprise, c’est plus facile à retenir\r'),
(339, 'utiliser un mot de passe d’au moins 14 caractères disposant de lettres majuscules, minuscules, chiffres et caractères spéciaux\r'),
(340, 'partager vos mots de passe avec vos collègues, en cas d’absence c’est plus simple\r'),
(341, 'pour promouvoir le piratage illimité d\'informations\r'),
(342, 'pour maximiser les profits de l\'entreprise\r'),
(343, 'pour protéger les données et les actifs contre les menaces en ligne\r'),
(344, 'pour encourager le télétravail\r'),
(345, 'former les employés sur les bonnes pratiques en matière de cybersécurité\r'),
(346, 'externaliser la gestion de la sécurité\r'),
(347, 'supprimer tous les accès à internet\r'),
(348, 'ignorer complètement la sécurité en ligne\r'),
(349, 'philosophie qui suppose que tout utilisateur (appareil, réseau) , même s\'il se trouve à l\'intérieur du réseau, ne peut pas être considéré comme sûr par défaut et doit être vérifié.\r'),
(350, 'méthode pour supprimer toutes les mesures de sécurité en ligne\r'),
(351, 'stratégie qui ne nécessite aucune forme de sécurité en ligne\r'),
(352, 'approche qui consiste à accorder une confiance totale à tous les utilisateurs et appareils dès leur connexion au réseau\r'),
(353, 'une faille de sécurité qui ne peut pas être exploitée\r'),
(354, 'une faille de sécurité déjà connue du public\r'),
(355, 'une faille de sécurité qui affecte uniquement les utilisateurs inexpérimentés\r'),
(356, 'une faille de sécurité qui n\'a pas encore été découverte par les éditeurs de logiciels ou les chercheurs en sécurité\r'),
(357, 'le plat préféré de winnie l\'ourson\r'),
(358, 'un serveur (un système) vulnérable délibérément configuré pour attirer les attaquants et étudier leurs méthodes\r'),
(359, 'un outil de détection d\'intrusion\r'),
(360, 'une technique pour masquer des données sensibles\r'),
(361, 'une méthode d\'attaque qui cible les pêcheurs professionnels\r'),
(362, 'une technique pour tromper les pirates informatiques\r'),
(363, 'une technique où l\'attaquant prétend être la victime\r'),
(364, 'une approche de sécurité pour renforcer la protection des e-mails\r'),
(365, 'un programme de récompense pour encourager les chercheurs en sécurité à trouver et signaler des vulnérabilités dans leurs systèmes\r'),
(366, 'une prime offerte aux employés en cas d\'intrusion réussie\r'),
(367, 'une prime offerte aux pirates informatiques pour les récompenser de leurs attaques\r'),
(368, 'une prime sous forme de barre chocolatée offerte aux employés en cas de violation de données\r'),
(369, 'une attaque qui cible les systèmes de contrôle industriel\r'),
(370, 'une attaque qui vise les pare-feu d\'entreprise\r'),
(371, 'une attaque qui bloque le trafic réseau\r'),
(372, 'une attaque qui intercepte la communication entre deux parties, sans leur consentement, en se plaçant entre elles.\r'),
(373, 'une attaque qui écrase les données des disques durs\r'),
(374, 'une attaque qui supprime les données de la mémoire\r'),
(375, 'une attaque qui exécuter du code malveillant en écrivant plus de données que l\'espace alloué en mémoire\r'),
(376, 'une attaque qui inonde un réseau de données pour le surcharger\r'),
(377, 'une politique qui laisse libre l\'utilisation des dispositifs personnels au travail\r'),
(378, 'une politique interdisant aux employés de brancher (connecter) leurs dispositifs personnels au réseau de l\'entreprise\r'),
(379, 'une politique encourageant activement les employés à connecter leurs appareils personnels au réseau de l\'entreprise\r'),
(380, 'une politique autorisant uniquement l\'utilisation d\'appareils d\'entreprise sur le réseau de l\'entreprise\r'),
(381, 'c\'est une prime, je clique et je valide.\r'),
(382, 'c\'est la rh donc pas de soucis, je clique et je valide.\r'),
(383, 'je me renseigne auprès de ma rh pour vérifier.\r'),
(384, 'c\'est un mail interne puisque c’est la rh, je fais confiance\r'),
(385, 'en les chiffrant\r'),
(386, 'en les hachant c’est plus sûr\r'),
(387, 'en les envoyant vers des supports externes ou vers le cloud\r'),
(388, 'en les cryptant\r'),
(389, 'un logiciel malveillant qui vole des informations personnelles\r'),
(390, 'un logiciel malveillant qui chiffre les fichiers de l\'ordinateur de la victime, exigeant un paiement pour les déchiffrer\r'),
(391, 'un logiciel malveillant qui efface les données de l\'ordinateur de la victime\r'),
(392, 'un logiciel malveillant qui crée des copies de fichiers confidentiels\r'),
(393, 'un logiciel malveillant qui vole des informations personnelles\r'),
(394, 'un logiciel malveillant qui chiffre les fichiers de l\'ordinateur de la victime, exigeant un paiement pour les déchiffrer\r'),
(395, 'un logiciel malveillant qui efface les données de l\'ordinateur de la victime\r'),
(396, 'un logiciel malveillant qui crée des copies de fichiers confidentiels\r'),
(397, 'spoofing\r'),
(398, 'impersonation\r'),
(399, 'phishing\r'),
(400, 'déni de service (ddos)\r'),
(401, 'malware\r'),
(402, 'cheval de troie\r'),
(403, 'spam\r'),
(404, 'ver\r'),
(405, 'nom et prénom\r'),
(406, 'date de naissance et lieu\r'),
(407, 'lieu de résidence principale\r'),
(408, 'pratique religieuse\r'),
(409, 'authentification\r'),
(410, 'routage\r'),
(411, 'sauvegarde\r'),
(412, 'identification\r'),
(413, 'empêcher l’exécution de programmes malveillants sur un pc\r'),
(414, 'bloquer les intrusions malveillantes sur un réseau ou un pc\r'),
(415, 'bloquer les tentatives de phishing\r'),
(416, 'bloquer la réception des spams sur la messagerie\r'),
(417, 'récupérer des ressources identifiées par une url sur un serveur web\r'),
(418, 'partager des documents\r'),
(419, 'supprimer des fichiers\r'),
(420, 'trier des ressources pour l’utilisateur\r'),
(421, 'd’accès et de rectification\r'),
(422, 'à la limitation de données\r'),
(423, 'à la portabilité\r'),
(424, 'à la vie privée\r'),
(425, 'un virus\r'),
(426, 'une adresse mail\r'),
(427, 'une adresse de site internet\r'),
(428, 'une adresse postale\r'),
(429, 'un message internet privé\r'),
(430, 'un message non désiré\r'),
(431, 'une récompense\r'),
(432, 'un message de client\r'),
(433, 'chiffrement\r'),
(434, 'spoofing\r'),
(435, 'sniffing\r'),
(436, 'destruction des données\r'),
(437, 'jamais\r'),
(438, 'une fois par an\r'),
(439, 'une fois par trimestre\r'),
(440, 'tous les jours\r'),
(441, 'les informations ne sont pas mises à disposition  ou divulguées à des personnes non autorisées\r'),
(442, 'maintenir et assurer l\'exactitude et l\'exhaustivité des données tout au long de leur cycle de vie\r'),
(443, 'systèmes, applications et données disponibles pour les utilisateurs lorsqu\'il en ont besoin\r'),
(444, 'une des parties de la transaction ne peut pas nier l\'avoir reçue, l\'autre l\'avoir envoyée\r'),
(445, 'décryptage\r'),
(446, 'cryptage\r'),
(447, 'transformation\r'),
(448, 'aucune de ces réponses n’est vraie.\r'),
(449, 'certificat numérique\r'),
(450, 'aucune de ces réponses\r'),
(451, 'référent système en sécurité de l’information\r'),
(452, 'responsable de la sûreté des systèmes d’information\r'),
(453, 'réforme de la sécurité sociale informatisée\r'),
(454, 'responsable de la sécurité des systèmes d’information\r'),
(455, 'un principe visant à protéger le partage des données au sein des entreprises\r'),
(456, 'une méthodologie de documentation de toutes les actions de mise en conformité initiées par les responsables de traitement\r'),
(457, 'une approche visant à intégrer la protection de la vie privée dès la conception des nouveaux systèmes et processus.\r'),
(458, 'une nouvelle façon de programmer à la mode\r'),
(459, 'pourriel\r'),
(460, 'courriel\r'),
(461, 'corbeille\r'),
(462, 'poubelle\r'),
(463, 'traceur\r'),
(464, 'connecteur\r'),
(465, 'détecteur\r'),
(466, 'facteur\r'),
(467, 'crypter\r'),
(468, 'chiffrer\r'),
(469, 'heu, on peut tout faire en fait\r'),
(470, 'décrypter\r'),
(471, 'pour augmenter le nombre de publicités\r'),
(472, 'pour améliorer les performances de votre téléphone\r'),
(473, 'pour corriger les vulnérabilités de sécurité et bénéficier des dernières fonctionnalités de sécurité\r'),
(474, 'pour se tenir au courant des dernières news\r'),
(475, 'virus\r'),
(476, 'ver\r'),
(477, 'clickjacking\r'),
(478, 'cheval de troie\r'),
(479, 'ignorer complètement tous les commentaires\r'),
(480, 'bloquer ou signaler les utilisateurs harceleurs\r'),
(481, 'engager une conversation agressive\r'),
(482, 'critiquer tout le monde\r'),
(483, 'pour s\'assurer que le message est drôle\r'),
(484, 'pour éviter de partager de fausses informations ou des arnaques\r'),
(485, 'pour voir combien de likes vous pouvez obtenir\r'),
(486, 'pour voir depuis quand elle existe\r'),
(487, 'virtual private network\r'),
(488, 'very personal network\r'),
(489, 'very public network\r'),
(490, 'virtual personal in newyork\r'),
(491, 'vous risquez de recevoir trop de messages\r'),
(492, 'vous pourriez partager trop d\'informations personnelles\r'),
(493, 'vous risquez de perdre des amis existants\r'),
(494, 'je ne risque rien, c’est virtuel !\r'),
(495, 'amis\r'),
(496, 'ennemis\r'),
(497, 'public\r'),
(498, 'tout le monde\r'),
(499, 'ted talks\r'),
(500, 'black hat\r'),
(501, 'defcon\r'),
(502, 'copy cat\r'),
(503, 'alan turing\r'),
(504, 'claude shannon\r'),
(505, 'julius caesar\r'),
(506, 'steven levy\r'),
(507, 'steganographie\r'),
(508, 'cryptanalyse\r'),
(509, 'ingénierie inverse\r'),
(510, 'cryptographie\r'),
(511, 'authentification à deux facteurs\r'),
(512, 'authentification multifactorielle\r'),
(513, 'authentification biométrique\r'),
(514, 'authentification bioéthique\r'),
(515, 'iso 27001\r'),
(516, 'pci dss\r'),
(517, 'nist sp 800-53\r'),
(518, 'iso 9020\r'),
(519, 'pour économiser de l\'énergie\r'),
(520, 'pour éviter que vos collègues n\'utilisent votre ordinateur\r'),
(521, 'pour prévenir un accès non autorisé à vos données\r'),
(522, 'pour montrer votre joli fond d’écran\r'),
(523, 'pour augmenter les performances de l\'ordinateur\r'),
(524, 'pour empêcher les mises à jour du système d\'exploitation\r'),
(525, 'pour protéger contre les nouvelles menaces de virus et de logiciels malveillants\r'),
(526, 'pour faire plaisir à votre responsable\r'),
(527, 'je la branche sur mon ordinateur pour voir ce qu’elle contient\r'),
(528, 'je le signale au service informatique ou à la sécurité\r'),
(529, 'je ne fais rien\r'),
(530, 'je la dépose discrètement sur le bureau de mon collègue\r'),
(531, 'visiter des sites web de médias sociaux pour des pauses\r'),
(532, 'naviguer uniquement sur des sites web approuvés par l\'entreprise\r'),
(533, 'télécharger des logiciels à partir de sites web inconnus\r'),
(534, 'utiliser son téléphone personnel\r'),
(535, 'pour augmenter la vitesse de la connexion\r'),
(536, 'pour protéger vos données contre les interceptions\r'),
(537, 'pour économiser de la batterie\r'),
(538, 'pour supprimer toutes mes traces\r'),
(539, 'advanced persistent threat (menace persistante avancée)\r'),
(540, 'application protection technology (technologie de protection des applications)\r'),
(541, 'all possible threats (toutes les menaces possibles)\r'),
(542, 'all possible technology’s (toutes les technologies possibles)\r'),
(543, 'griefing\r'),
(544, 'catfishing\r'),
(545, 'shaming\r'),
(546, 'spoofing\r'),
(547, 'doxing\r'),
(548, 'trolling\r'),
(549, 'boxing\r'),
(550, 'spamming\r'),
(551, 'virus informatique se reproduisant rapidement et susceptible d\'infecter votre système en seulement 15 minutes.\r'),
(552, 'animal bizarre qui se prénomme andy\r'),
(553, 'cheval de troie qui détruit votre machine en 15 secondes\r'),
(554, 'virus informatique qui affiche des images en couleur sur votre écran pour le vérouiller\r'),
(555, 'un cheval de troie dangereux capable de désactiver votre logiciel antivirus\r'),
(556, 'un virus qui dessine betty boop sur votre écran\r'),
(557, 'un ver qui n’affecte que vos réseaux sociaux\r'),
(558, 'un spam sans conséquence\r'),
(559, 'worm / ver\r'),
(560, 'trojan\r'),
(561, 'ransomware\r'),
(562, 'spam\r'),
(563, 'le nettoyage physique des ordinateurs\r'),
(564, 'les pratiques et mesures visant à maintenir un environnement informatique propre et sûr\r'),
(565, 'la surveillance des activités en ligne des employés\r'),
(566, 'le nettoyage de ses mains avant de taper au clavier\r'),
(567, 'un moyen de s\'authentifier en utilisant deux mots de passe\r'),
(568, 'un processus d\'authentification qui requiert deux méthodes différentes pour vérifier l\'identité d\'un utilisateur\r'),
(569, 'un système de chiffrement à deux clés\r'),
(570, 'un moyen de s’identifier en utilisant un login et une adresse mail\r'),
(571, '11 %\r'),
(572, '21 %\r'),
(573, '31 %\r'),
(574, '41 %\r'),
(575, 'un compte administrateur\r'),
(576, 'un compte invité\r'),
(577, 'un compte utilisateur\r'),
(578, 'aucun compte n’est nécéssaire\r'),
(579, 'plus sécurisé\r'),
(580, 'moins sécurisé\r'),
(581, 'aussi sécurisé\r'),
(582, 'je ne sais pas\r'),
(583, 'la fraude au président\r'),
(584, 'le déni de service\r'),
(585, 'l’attaque de princeton\r'),
(586, 'l’attaque mitm\r'),
(587, 'http://\r'),
(588, 'https://\r'),
(589, 'httpsécu://\r'),
(590, 'htts://\r'),
(591, 'sécurité du cloud\r'),
(592, 'sécurité du réseau\r'),
(593, 'sécurité des applications\r'),
(594, 'en fait toutes les réponses.\r'),
(595, 'advanced encryption standard (aes)\r'),
(596, 'william gibson\r'),
(597, 'andrew tannenbaum\r'),
(598, 'richard stallman\r'),
(599, 'wallace emerson\r'),
(600, '1960\r'),
(601, '1970\r'),
(602, '1980\r'),
(603, '1990\r'),
(604, 'une attaque par pharming\r'),
(605, 'le contenu dupliqué ( website-duplication )\r'),
(606, 'les spam\r'),
(607, 'le streaming\r'),
(608, 'un traqueur d’ip\r'),
(609, 'les emails\r'),
(610, 'les sites web\r'),
(611, 'les pages web\r'),
(612, 'les attaques par botnet\r'),
(613, 'les programmes informatiques\r'),
(614, 'wpa3\r'),
(615, 'wpa2\r'),
(616, 'wpa\r'),
(617, 'wep\r'),
(618, 'antivirus\r'),
(619, 'injection html\r'),
(620, 'injection sql\r'),
(621, 'injection xml\r'),
(622, 'injection anticovid\r'),
(623, 'cross site scripting\r'),
(624, 'cross site security\r'),
(625, 'extrem site scripting\r'),
(626, 'extreme secure scripting\r'),
(627, 'détournement de session\r'),
(628, 'cyber crime\r'),
(629, 'cyber attaque\r'),
(630, 'cyber cyborg\r'),
(631, 'keyloggers\r'),
(632, 'keyjacking\r'),
(633, 'keyhijacking\r'),
(634, 'keytraceur\r'),
(635, 'ils aident à mieux comprendre le hacking\r'),
(636, 'ce sont des éléments clés d’une faille de sécurité\r'),
(637, 'ils aident à mieux comprendre la sécurité et ses composants\r'),
(638, 'ils aident à mieux comprendre la cybercriminalité\r'),
(639, 'la reconnaissance\r'),
(640, 'le balayage du réseau ( scanner)\r'),
(641, 'l’obtention de l’accès\r'),
(642, 'la maintenance de l’accès\r'),
(643, 'appels téléphoniques à la victime ciblée\r'),
(644, 'un attaquant se faisant passer pour le support du help desk\r'),
(645, 'parlez à l\'utilisateur cible en personne\r'),
(646, 'rechercher des enregistrements cibles dans la base de données de personnes en ligne\r'),
(647, 'nexpose\r'),
(648, 'nmap\r'),
(649, 'nessus\r'),
(650, 'maltego\r'),
(651, 'defcon\r'),
(652, 'comicon\r'),
(653, 'seccon\r'),
(654, 'cybercon\r'),
(655, 'phreaking\r'),
(656, 'breaking\r'),
(657, 'cracking\r'),
(658, '1978\r'),
(659, '1988\r'),
(660, '1998\r'),
(661, '2008\r'),
(662, 'copie de données\r'),
(663, 'violation de données\r'),
(664, 'obscurcissement des données\r'),
(665, 'duplication de données\r'),
(666, 'les requêtes automatisées\n'),
(667, 'les robots cookies\r'),
(668, 'les robots\r'),
(669, 'les bots\r'),
(670, 'internet programme\r'),
(671, 'internet protocole\r'),
(672, 'internet padawan\r'),
(673, 'internet plateforme\r'),
(674, 'sensibles\r'),
(675, 'puissantes\r'),
(676, 'inutiles\r'),
(677, 'emotionnelles\r'),
(678, 'empoisonnement dns\r'),
(679, 'la reconnaissance (footprinting)\r'),
(680, 'l\'empoisonnement arp\r'),
(681, 'l’énumération\r'),
(682, 'social engineering\r'),
(683, 'reverse engineering\r'),
(684, 'planting malware\r'),
(685, 'injection engineering\r'),
(686, 'la pensée créative\r'),
(687, 'capacité de résolution de problèmes\r'),
(688, 'persévérance\r'),
(689, 'toutes ses réponses\r'),
(690, 'sql\r'),
(691, 'html\r'),
(692, 'c#\r'),
(693, 'f#\r'),
(694, 'injection de chevaux de troie à une victime cible\r'),
(695, 'les détails de la carte de crédit déposés dans le deep web\r'),
(696, 'une bonne pratique éthique\r'),
(697, 'très bonne pratique d\'ingénierie sociale\r'),
(698, 'une très mauvaise pratique éthique\r'),
(699, 'très bonne pratique de triche\r'),
(700, 'logiciel de base de données\r'),
(701, 'applications automatisées\r'),
(702, 'messenger\r'),
(703, 'les salons de discussion ( chat-rooms)\r'),
(704, 'les sites de tutoriels\r'),
(705, 'les réseaux sociaux\r'),
(706, 'ne gardez jamais votre mot de passe avec des noms facile à trouver\r'),
(707, 'conservez des traces écrites de vos mots de passe\r'),
(708, 'conservez des enregistrements de votre mot de passe au format audio sur votre téléphone\r'),
(709, 'les mots de passe utilisés sont de plus petite taille pour être mémorisés\r'),
(710, 'le scan rétinien\r'),
(711, 'la numérisation d\'empreintes digitales\r'),
(712, 'la vérification en deux étapes\r'),
(713, 'le clic intempestif\r'),
(714, 'le cyberstalking\r'),
(715, 'le body shaming\r'),
(716, 'partager sa localisation exacte avec ses amis\r'),
(717, 'activer les publicités géolocalisées\r'),
(718, 'permettre à d\'autres de connaître l\'emplacement où vous avez posté une publication\r'),
(719, 'disposer de ses cours de géographie\r'),
(720, 'je ne vérifie pas c’est forcément véridique\r'),
(721, 'en faisant des recherches supplémentaires, en utilisant des sources fiables\r'),
(722, 'en partageant ces informations avec mes amis\r'),
(723, 'en regardant le nom de la personne à la source\r'),
(724, 'oui le navigateur est équipé pour ça\r'),
(725, 'bien sûr , ça m’évite de l’oublier\r'),
(726, 'la simplicité\r'),
(727, 'le gain de temps\r'),
(728, 'la facilité d’exécution\r'),
(729, 'très difficile et inefficace\r'),
(730, 'technique active de collecte d’informations\r'),
(731, 'technique inactive de collecte d’informations\r'),
(732, 'technique permissive de collecte d’informations\r'),
(733, 'technique endormie de collecte d’informations\r'),
(734, 'virus du secteur d\'amorçage\r'),
(735, 'virus polymorphe\r'),
(736, 'trojans\r'),
(737, 'virus de secteur informatique\r'),
(738, 'les données bancaires\r'),
(739, 'le numéro de téléphone\r'),
(740, 'le mots de passe\r'),
(741, 'les applications installées\r'),
(742, 'deep web\r'),
(743, 'world wide web\r'),
(744, 'web de surface\r'),
(745, 'haunted web\r'),
(746, 'mr. michael k. bergman\r'),
(747, 'mr. ross ulbricht\r'),
(748, 'mr. tim berners-lee\r'),
(749, 'mr. robert elliot kahn\r');

--
-- Déclencheurs `propositions`
--
DROP TRIGGER IF EXISTS `avant_insertion_propositions`;
DELIMITER $$
CREATE TRIGGER `avant_insertion_propositions` BEFORE INSERT ON `propositions` FOR EACH ROW BEGIN
	-- Contrôle du libellé
	SET new.libelle = lower(new.libelle);
END
$$
DELIMITER ;

-- --------------------------------------------------------

--
-- Structure de la table `question`
--

DROP TABLE IF EXISTS `question`;
CREATE TABLE IF NOT EXISTS `question` (
  `P_numero` int NOT NULL AUTO_INCREMENT COMMENT 'Clé primaire de la question',
  `Libelle` varchar(256) CHARACTER SET utf8mb4 COLLATE utf8mb4_general_ci NOT NULL,
  `niveauDifficulte_id` varchar(1) CHARACTER SET utf8mb4 COLLATE utf8mb4_general_ci NOT NULL,
  `theme_numero` smallint NOT NULL,
  PRIMARY KEY (`P_numero`),
  KEY `question_niveau_CLE` (`niveauDifficulte_id`),
  KEY `question_theme_FK` (`theme_numero`)
) ENGINE=InnoDB AUTO_INCREMENT=201 DEFAULT CHARSET=utf8mb4 COLLATE=utf8mb4_general_ci;

--
-- Déchargement des données de la table `question`
--

INSERT INTO `question` (`P_numero`, `Libelle`, `niveauDifficulte_id`, `theme_numero`) VALUES
(1, 'divulguer trop d’informations à caractère personnel sur internet ...', 'F', 1),
(2, 'un ami vous envoi un mail en anglais avec des photos. faut-il ouvrir ce mail ?', 'F', 1),
(3, 'je n’utilise plus mon compte de réseau social…', 'F', 1),
(4, 'je souhaite restreindre la visibilité de mes informations personnelles et de mes publications', 'F', 1),
(5, 'quelle est la mauvaise pratique d’utilisation des réseaux sociaux :', 'F', 1),
(6, 'quel âge est requis pour avoir un compte facebook ?', 'M', 1),
(7, 'connaît-on les personnes avec qui on échange sur les réseaux sociaux ?', 'F', 1),
(8, 'quel est le réseau social de communication le moins utilisé par les 16-25 ans ?', 'F', 1),
(9, 'mon profil sur internet, c’est...', 'F', 1),
(10, 'supprimer son compte facebook est fait dans …', 'F', 1),
(11, 'la e-réputation, c’est …', 'M', 1),
(12, 'quel pourcentage des 14-17 ans ont déjà été contactés par des inconnus sur les réseaux sociaux ?', 'D', 1),
(13, '“taguer“, identifier,  la photo d’une personne l\'expose davantage sur les réseaux sociaux et sur internet en général.', 'F', 1),
(14, 'le dedipix est un jeu d’images sur les smartphones', 'D', 1),
(15, 'le happy slapping, cest...', 'M', 1),
(16, 'quelle est la bonne pratique à mettre en œuvre pour assurer la sécurité de vos mots de passe ?', 'F', 2),
(17, 'un mot de passe sécurisé …', 'F', 2),
(18, 'je ne me souviens jamais de mes mots de passe…', 'F', 2),
(19, 'je travaille toujours sur le même ordinateur à la bibliothèque', 'F', 2),
(20, 'quelle est la bonne pratique à mettre en œuvre pour éviter le piratage de compte ?', 'F', 2),
(21, 'quels sont, parmi les éléments suivants, ceux qui devraient être inclus dans un mot de passe sûr ?', 'F', 2),
(22, 'les changements de mots de passe périodiques, c’est…', 'F', 2),
(23, 'contre quelles méthodes de piratage la longueur d’un mot de passe vous protège-t-il ? ', 'M', 2),
(24, 'contre quelles méthodes de piratage la complexité d’un mot de passe vous protège-t-il ? ', 'M', 2),
(25, 'contre quelles méthodes de piratage la présence de caractères spécieux d’un mot de passe vous protège-t-il ? ', 'M', 2),
(26, 'lequel de ces logiciels est un gestionnaire de mots de passe ?', 'M', 2),
(27, 'un ami veut avoir votre mot de passe pour vous acheter un cadeau d\'anniversaire sur une plateforme de jeux, faut-il le lui donner?', 'F', 2),
(28, 'quels sont les risques liés à l\'utilisation de mots de passe faibles sur les réseaux sociaux ?', 'F', 2),
(29, 'quelle est la meilleure approche pour gérer vos mots de passe en toute sécurité ?', 'F', 2),
(30, 'en france, quel est le mot de passe le plus répandu ? ', 'F', 2),
(31, 'qu’est ce que le cyber-harcèlement ? ', 'F', 1),
(32, 'combien d’ados déclarent avoir été victimes de cyber-harcèlement ?', 'D', 1),
(33, 'quel pourcentage des parents n\'ont pas connaissance de ce que leurs enfants font sur les réseaux sociaux ?', 'D', 1),
(34, 'qu’est ce qui n’est pas du cyber-harcèlement ?', 'F', 1),
(35, 'quelle est  la raison principale évoquée par les victimes de cyber-harcèlement ?', 'F', 1),
(36, 'que faire si je suis victime ou témoin de cyber-harcèlement ?', 'F', 1),
(37, 'quel signe ne reflète pas une situation de cyber-harcèlement ?', 'F', 1),
(38, 'quel est l’âge de la majorité numérique en france ?', 'D', 1),
(39, 'de quoi les jeunes ont-ils le plus peur ?', 'D', 1),
(40, 'quel est le numéro gratuit \"net écoute\" dédié au cyber-harcèlement en france ?', 'D', 1),
(41, 'quelles conséquences peut avoir le cyber-harcèlement sur les victimes ?', 'F', 1),
(42, 'quelles sont les lois contre le cyber-harcèlement ?', 'D', 1),
(43, 'quel est le rôle des réseaux sociaux dans la lutte contre le cyberharcèlement ?', 'M', 1),
(44, 'quelles sont les peines si l\'auteur du cyber-harcèlement est un mineur de + 13 ans et la victime a - 15 ans ?', 'D', 1),
(45, 'quel est le moyen courant de prévenir le cyber-harcèlement ?', 'F', 1),
(46, 'parmi les propositions, quelle est la bonne pratique à mettre en œuvre pour assurer au mieux la sécurité numérique de vos appareils mobiles?', 'F', 2),
(47, 'j’ai besoin d’une application mobile. je ne vais pas :', 'F', 2),
(48, 'pour protéger mes usages numériques pro/perso…', 'F', 2),
(49, 'je télécharge un jeu sur mon téléphone', 'F', 2),
(50, 'je viens de recevoir un e-mail suspect contenant une pièce jointe', 'F', 2),
(51, 'qu’est-ce qu’une recommandation hadopi ?', 'M', 2),
(52, 'qu’est-ce que la nomophobie ? ', 'M', 2),
(53, 'quelle est la plus grande motivation des attaquants ?', 'F', 2),
(54, 'owasp … mais encore ? ', 'D', 2),
(55, 'en cybersécurité, il y a une notion de :', 'M', 2),
(56, 'en cyberdéfense, il y a une notion de :', 'M', 2),
(57, 'parmi les hackers, pirates informatiques, on peut trouver :', 'M', 2),
(58, 'quel est le terme anglais désignant les canulars qui circulent sur internet ?', 'F', 2),
(59, 'qu\'est-ce que le rgpd (règlement général sur la protection des données) ?', 'M', 2),
(60, 'qu\'est-ce que la culture de la cybersécurité ?', 'F', 2),
(61, 'quel est le point commun entre facebook, instagram et whatsapp ?', 'M', 1),
(62, 'que dois-je faire si je reçois une demande d’ajout sur mes réseaux sociaux d’une personne que je ne connais pas ?', 'F', 1),
(63, 'vous décidez de créer un blog, avec la fonction ‘commentaires\' ouverte. vous souhaitez maîtriser les dérives possibles; pour cela, vous devez…', 'M', 1),
(64, 'les filles qui déclarent avoir déjà été confrontées à des questions indiscrètes, du harcèlement, des insultes, des menaces et des moqueries représentent…', 'M', 1),
(65, 'qu\'est-ce qu\'un ‘phishing’ sur les réseaux sociaux ?', 'F', 1),
(66, 'comment les réseaux sociaux utilisent-ils vos données personnelles ?', 'M', 1),
(67, 'quel est l\'objectif d\'une politique de confidentialité sur les réseaux sociaux ?', 'F', 1),
(68, 'quand a été créé le premier réseau social ?', 'D', 1),
(69, 'quel est l\'arnaque la plus répandue sur les réseaux sociaux', 'F', 1),
(70, 'quelle est la meilleure pratique pour protéger votre compte sur les réseaux sociaux ?', 'F', 1),
(71, 'quelle est la meilleure façon de réagir à un message suspect sur les réseaux sociaux ?', 'F', 1),
(72, 'l\'usurpation d\'identité est ...', 'F', 1),
(73, 'la personne chargée de gérer les réseaux sociaux d’une entreprise est…', 'M', 1),
(74, 'qu\'est-ce qu\'un réseau social ?', 'F', 1),
(75, 'l’identité numérique, c’est :', 'M', 1),
(76, 'parmi les principes de base, je dois absolument :', 'M', 5),
(77, 'les stations de programmation doivent être protégées physiquement…', 'M', 5),
(78, 'l’utilisation de clés usb pour véhiculer de l’information doit être…', 'F', 5),
(79, 'apporter votre appareil personnel est généralement…', 'F', 5),
(80, 'je consulte mes messages professionnels…', 'F', 5),
(81, 'qu\'est-ce que le principe du ‘moindre privilège’ en matière de cybersécurité ?', 'F', 5),
(82, 'quelle est la meilleure pratique pour protéger votre ordinateur contre les logiciels malveillants et les virus?', 'M', 5),
(83, 'quel est le but de l\'authentification multi-facteurs (mfa) en entreprise?', 'M', 5),
(84, 'quel est l\'objectif principal de la formation à la sécurité pour les employés?', 'F', 5),
(85, 'quel rôle joue un plan de réponses aux incidents dans la cybersécurité d\'entreprise?', 'M', 5),
(86, 'quelle est la principale menace pour la sécurité liée à l\'ingénierie sociale en entreprise?', 'F', 5),
(87, 'que signifie le rgpd ? ', 'F', 5),
(88, 'quelle technologie permet de sécuriser les communications entre un navigateur web et un site web ?', 'M', 5),
(89, 'je m\'absente pendant quelques instants pour allez prendre de l’eau en salle de repos…', 'F', 5),
(90, 'quelle est la meilleure pratique pour créer des mots de passe fort ?', 'F', 5),
(91, 'pourquoi la culture de la cybersécurité est-elle importante dans une organisation ?', 'F', 2),
(92, 'quelle est la première étapes pour promouvoir la culture de la cybersécurité au sein d\'une organisation ?', 'F', 2),
(93, 'que signifie le terme ‘zero trust’ ?', 'D', 5),
(94, 'qu\'est-ce qu\'une vulnérabilité ‘zero-day’ ?', 'D', 5),
(95, 'qu\'est-ce qu\'un ‘honeypot’ ou ‘pot de miel’ ? ', 'M', 5),
(96, 'qu\'est-ce que le ‘phishing inversé’ ?', 'M', 5),
(97, 'qu\'est-ce que le ‘bug bounty’?', 'D', 5),
(98, 'qu\'est-ce qu\'une attaque ‘man-in-the-middle’ (mitm) ?', 'D', 5),
(99, 'qu\'est-ce que l\'attaque ‘buffer overflow’ ?', 'D', 5),
(100, 'qu\'est-ce que le terme ‘byod’ (bring your own device) ?', 'M', 5),
(101, 'vous recevez un courrier électronique de votre rh vous demandant de lui donner vos coordonnées bancaires (prime exceptionnelle) allouée uniquement en cliquant sur le lien du mail…', 'F', 5),
(102, 'comment pouvez-vous protéger la confidentialité des données de vos clients ?', 'M', 5),
(103, 'qu\'est-ce qu\'un ransomware ?', 'F', 2),
(104, 'quel terme désigne le fait de se faire passer pour quelqu\'un d\'autre en ligne dans le but de harceler une personne ?', 'D', 1),
(105, 'parmi les propositions ci-dessous laquelle n’est pas considérée comme un virus ?', 'D', 2),
(106, 'quelle information ne peut-on pas récupérer des utilisateurs d’une application sans autorisation préalable de l’organisme de contrôle ?', 'M', 2),
(107, 'comment appelle-t-on la procédure qui vérifie l’identité d’une personne en vue de lui donner accès à des services ?', 'D', 5),
(108, 'quelle est l’utilité d’un pare feu ?', 'F', 5),
(109, 'quelle est la principale fonctionnalité d’un navigateur ?', 'F', 2),
(110, 'je peux demander à un réseau social de geler l’utilisation des photos fournies, il s’agit du droit ..', 'D', 2),
(111, 'je demande à modifier mes données car j’ai constaté des erreurs de la part des sites sur lesquels j’intervient, c\'est mon droit ', 'M', 2),
(112, 'qu’est-ce qu’une url ?', 'F', 2),
(113, 'qu’est-ce qu’un spam ?', 'F', 2),
(114, 'lequel des procédés suivants peut être utilisé pour capturer des mots de passe sur un réseau ?', 'M', 5),
(115, 'quelle fréquence vous semble le plus adapté pour parlez de cybersécurité dans une entreprise ?', 'M', 5),
(116, 'c’est quoi l’intégrité en cyber-sécurité ? ', 'D', 5),
(117, 'c’est quoi la confidentialité en cyber-sécurité ? ', 'D', 5),
(118, 'quelle méthode transforme le message en format qui ne peut pas être lu par les pirates ?', 'M', 2),
(119, 'quelle méthode est utilisée pour valider l’identité de l’expéditeur du message auprès du destinataire ?', 'D', 5),
(120, 'que signifie le sigle rssi ?', 'F', 5),
(121, 'qu’est-ce que le privacy-by-design ?', 'D', 5),
(122, 'quel est l’équivalent français d’un spam ?', 'M', 2),
(123, 'quel est l’équivalent français d’un cookie ?', 'F', 2),
(124, 'en cyber je ne peux pas ', 'M', 2),
(125, 'pourquoi est-il important de mettre à jour régulièrement vos applications de réseaux sociaux ?', 'F', 1),
(126, 'quel type de malware peut se propager via les réseaux sociaux en se faisant passer pour une vidéo ou une application inoffensive ?', 'D', 1),
(127, 'quelle action peut aider à prévenir le harcèlement en ligne sur les réseaux sociaux ?', 'M', 1),
(128, 'pourquoi est-il important de vérifier la source d\'un message avant de le partager sur les réseaux sociaux ?', 'M', 1),
(129, 'que signifie l\'acronyme vpn, souvent utilisé pour renforcer la sécurité en ligne ?', 'M', 5),
(130, 'quelle est la principale menace liée à l\'acceptation d\'amis inconnus sur les réseaux sociaux ?', 'M', 1),
(131, 'quel paramètre de confidentialité permet de contrôler qui peut voir vos publications sur facebook ?', 'F', 1),
(132, 'quelle conférence annuelle est célèbre pour ses présentations sur la cybersécurité et ses révélations de vulnérabilités ?', 'D', 2),
(133, 'qui est considéré comme le père de la cryptographie moderne avec la machine enigma ?', 'D', 2),
(134, 'quel concept fait référence à la technique qui consiste à cacher des informations sensibles en les dissimulant dans d\'autres données ?', 'D', 2),
(135, 'quelle technique de cybersécurité utilise des identifiants biométriques tels que les empreintes digitales ou la reconnaissance faciale pour renforcer l\'authentification ?', 'D', 5),
(136, 'quelle norme de sécurité informatique spécifie les exigences pour la gestion de la sécurité de l\'information dans une entreprise ?', 'M', 5),
(137, 'pourquoi est-il important de verrouiller votre ordinateur lorsque vous vous éloignez de votre poste de travail au bureau ?', 'F', 5),
(138, 'pourquoi est-il important de garder votre logiciel antivirus à jour sur votre ordinateur de travail ?', 'F', 5),
(139, 'vous trouvez un périphérique usb non identifié sur votre lieu de travail…', 'F', 5),
(140, 'quelle est la meilleure pratique en matière de navigation sur internet au travail ?', 'M', 5),
(141, 'pourquoi est-il important d\'utiliser une connexion sécurisée (https://) lors de la saisie d\'informations sensibles en ligne ?', 'M', 2),
(142, 'que signifie l\'acronyme apt en cybersécurité ?', 'D', 5),
(143, 'quel terme désigne la création de faux profils ou l\'utilisation d\'identités fictives en ligne pour tromper ou harceler les autres ?', 'D', 1),
(144, 'quelle action constitue une violation de la vie privée en diffusant des informations sans le consentement afin de lui nuire ?', 'D', 2),
(145, 'le ver warhol est un …', 'D', 2),
(146, 'beta bot est …', 'D', 2),
(147, 'quel terme désigne un logiciel malveillant qui se dissimule dans un programme légitime et s\'active lorsqu\'il est exécuté ?', 'M', 2),
(148, 'quel terme désigne un programme informatique malveillant qui se duplique et se propage d\'un ordinateur à un autre sans nécessiter d\'hôte ?', 'M', 2),
(149, 'qu\'est-ce que la cyberhygiène ?', 'M', 2),
(150, 'qu\'est-ce que l\'authentification à deux facteurs ?', 'M', 5),
(151, 'dans quelle proportion les failles de sécurité informatique sont-elles dues à une erreur humaine ?', 'M', 5),
(152, 'pour leurs usages quotidiens (naviguer sur internet, lire leurs courriels, utiliser des logiciels de bureautique), les salariés doivent utiliser', 'M', 5),
(153, 'par rapport à un ordinateur, un smartphone est :', 'M', 2),
(154, 'parmi ces attaques, laquelle n’est pas une cyberattaque', 'D', 5),
(155, 'quel préfixe d\'url est un gage de sécurité ?', 'M', 2),
(156, 'lequel des éléments suivants constitue un type de cybersécurité ?', 'D', 2),
(157, 'lequel des éléments suivants ne constitue pas un cybercrime ?', 'M', 5),
(158, 'le ‘cyberespace’ a été inventé par ', 'D', 2),
(159, 'en quelle année le piratage informatique est-il devenu un délit pratique et un sujet de préoccupation dans le domaine de la cybertechnologie ?', 'D', 2),
(160, 'l\'approche de piratage par laquelle les cybercriminels conçoivent de faux sites web ou de fausses pages pour tromper ou obtenir du trafic supplémentaire…', 'D', 2),
(161, 'parmi les éléments suivants, lesquels sont généralement ciblés par les cyber-attaquants pour récupérer l\'adresse ip d\'un utilisateur cible ou victime ?', 'D', 2),
(162, 'parmi les attaques ddos suivantes dans les systèmes mobiles, lesquelles attendent que le propriétaire déclenche la cyberattaque ?', 'D', 2),
(163, 'parmi les propositions suivantes, laquelle est la norme de cryptage de sécurité la moins sécurisé ?', 'D', 2),
(164, 'lequel des éléments suivants est un stuxnet ?', 'D', 2),
(165, 'méthode d\'injection de code utilisée pour attaquer la base de données d\'un système/site web', 'D', 2),
(166, 'xss c’est…', 'D', 2),
(167, 'une tentative visant à nuire, à endommager ou à menacer un système ou un réseau est généralement qualifiée de', 'F', 2),
(168, 'quelle méthode de piratage enregistrera toutes vos frappes au clavier ?', 'D', 2),
(169, 'pourquoi la confidentialité, l’intégrité, l’authenticité et la disponibilité sont-ils considérés comme fondamentaux ?', 'D', 5),
(170, 'comment se nomme la phase de collecte d’informations dans le piratage éthique auprès de l’utilisateur cible ?', 'D', 2),
(171, 'lequel des éléments suivants est un exemple de reconnaissance passive ?', 'M', 2),
(172, 'lequel d’entre eux n’est pas un outil d’analyse ?', 'D', 5),
(173, 'quel est le nom de la première conférence des hackers ?', 'D', 2),
(174, 'quelle est la plus ancienne technique de piratage téléphonique utilisée par les pirates pour passer des appels gratuits ?', 'D', 2),
(175, 'en quelle année les informaticiens tentent d\'intégrer les techniques de chiffrement dans le protocole tcp/ip ?', 'D', 5),
(176, 'le masquage des données est également appelé', 'D', 5),
(177, '…. automatise une action ou une attaque afin que les tâches répétitives soient effectuées plus rapidement', 'M', 2),
(178, 'dans adresse ip, ip c’est …', 'M', 2),
(179, 'la chasse à la baleine/fraude au président est la technique utilisée sur tout individu pour recueillir des informations approfondies et . …', 'M', 2),
(180, 'lequel des éléments suivants ne relève pas de l’ingénierie sociale ?', 'M', 2),
(181, 'quelle est la première phase du piratage éthique.', 'D', 2),
(182, 'cela permet à un pirate informatique d\'ouvrir un programme (application) et de le reconstruire avec des fonctionnalités et des capacités supplémentaires..', 'D', 2),
(183, 'lequel des éléments suivants ne relève pas des compétences incontournables des hackers ?', 'M', 2),
(184, 'pour pirater une base de données ou accéder et manipuler des données, lequel des langages suivants le pirate informatique doit-il connaître ?', 'D', 5),
(185, 'lequel des éléments suivants ne constitue pas un type de cybercriminalité peer-to-peer ?', 'D', 5),
(186, 'le shoulder surfing (ou regard discret par-dessus une épaule) afin de vérifier le mot de passe d\'autrui est une pratique ..', 'D', 2),
(187, 'quel ‘outil’ a maintenant évolué pour devenir l’un des outils automatisés les plus populaires pour le piratage contraire à l’éthique', 'D', 2),
(188, 'quelle est, parmi les propositions ci-dessous, la plus virale d’internet ?', 'D', 1),
(189, 'laquelle d’entre elles constitue une mesure appropriée pour sécuriser un compte sur un réseau social ?', 'M', 1),
(190, 'pour la vérification légitime des comptes, de nombreux sites de médias sociaux utilisent …', 'M', 1),
(191, 'dans lequel des cas suivants, une personne est constamment suivie / poursuivie par une autre personne ou un groupe de plusieurs personnes ?', 'D', 1),
(192, 'qu\'est-ce que la géolocalisation sur les réseaux sociaux ?', 'D', 1),
(193, 'comment pouvez-vous vérifier la véracité des informations partagées sur les réseaux sociaux ?', 'F', 1),
(194, 'l’enregistrement des mots de passe dans le navigateur est une bonne habitude.', 'F', 1),
(195, 'lequel des éléments suivants n’est pas un avantage de l’attaque par dictionnaire ?', 'D', 2),
(196, 'l’utilisation de logiciels espions est un exemple de collecte de renseignements de type …', 'D', 2),
(197, 'quel virus infecte l’enregistrement de boot maître et qui est difficile à supprimer ?', 'F', 2),
(198, 'lequel des types de données suivants, les ‘hameçonneurs’ ne peuvent pas voler à ses victimes cibles ?', 'M', 2),
(199, 'c’est tout ce que votre moteur de recherche ne peut pas rechercher..', 'D', 2),
(200, 'qui a inventé le terme « deep web » en 2001 ?', 'D', 2);

--
-- Déclencheurs `question`
--
DROP TRIGGER IF EXISTS `avant_insertion_question`;
DELIMITER $$
CREATE TRIGGER `avant_insertion_question` BEFORE INSERT ON `question` FOR EACH ROW BEGIN
	-- Contrôle du libellé
	SET new.Libelle = lower(new.Libelle);
END
$$
DELIMITER ;

-- --------------------------------------------------------

--
-- Structure de la table `questionsquiz`
--

DROP TABLE IF EXISTS `questionsquiz`;
CREATE TABLE IF NOT EXISTS `questionsquiz` (
  `quiz_numero` smallint NOT NULL,
  `question_numero` int NOT NULL,
  PRIMARY KEY (`quiz_numero`,`question_numero`),
  KEY `quiz_numero` (`quiz_numero`,`question_numero`),
  KEY `question_numero` (`question_numero`)
) ENGINE=InnoDB DEFAULT CHARSET=utf8mb4 COLLATE=utf8mb4_general_ci;

--
-- Déclencheurs `questionsquiz`
--
DROP TRIGGER IF EXISTS `apres_insertion_questionQuiz`;
DELIMITER $$
CREATE TRIGGER `apres_insertion_questionQuiz` AFTER INSERT ON `questionsquiz` FOR EACH ROW BEGIN

DECLARE nbQuestions INT;

SELECT count(*) INTO nbQuestions
FROM `questionsquiz` 
WHERE `quiz_numero` = new.quiz_numero;

UPDATE `quiz` 
SET `nombreQuestions`= nbQuestions
WHERE quiz.P_numero = new.quiz_numero;

END
$$
DELIMITER ;

-- --------------------------------------------------------

--
-- Structure de la table `quiz`
--

DROP TABLE IF EXISTS `quiz`;
CREATE TABLE IF NOT EXISTS `quiz` (
  `P_numero` smallint NOT NULL AUTO_INCREMENT COMMENT 'Clé primaire du quiz',
  `Titre` varchar(32) CHARACTER SET utf8mb4 COLLATE utf8mb4_general_ci NOT NULL,
  `Description` varchar(256) CHARACTER SET utf8mb4 COLLATE utf8mb4_general_ci DEFAULT NULL,
  `dateCreation` timestamp NOT NULL DEFAULT CURRENT_TIMESTAMP,
  `dureeEstimee` tinyint DEFAULT NULL,
  `nombreQuestions` smallint NOT NULL,
  `NiveauDifficulte_id` varchar(1) CHARACTER SET utf8mb4 COLLATE utf8mb4_general_ci NOT NULL,
  `theme_numero` smallint NOT NULL,
  PRIMARY KEY (`P_numero`),
  KEY `quiz_niveau_CLE` (`NiveauDifficulte_id`),
  KEY `quiz_theme_CLE` (`theme_numero`)
) ENGINE=InnoDB AUTO_INCREMENT=7 DEFAULT CHARSET=utf8mb4 COLLATE=utf8mb4_general_ci;

--
-- Déchargement des données de la table `quiz`
--

INSERT INTO `quiz` (`P_numero`, `Titre`, `Description`, `dateCreation`, `dureeEstimee`, `nombreQuestions`, `NiveauDifficulte_id`, `theme_numero`) VALUES
(1, 'réseaux sociaux 01', 'réseaux sociaux quizz n°1', '2023-10-16 20:00:00', 0, 15, 'F', 1),
(2, 'mots de passes 01', 'comment bien gérer ses mots de passes ? ', '2023-10-16 20:00:00', 0, 15, 'M', 2),
(3, 'cyber-harcèlement 01', 'cyber harcèlement mais encore ?', '2023-10-17 20:00:00', 0, 15, 'F', 1),
(4, 'culture cyber_01', 'le bon sens en action, ou pas ? ', '2023-10-18 20:00:00', 0, 15, 'F', 2),
(5, 'réseaux sociaux 02', 'réseaux sociaux quizz n°2', '2023-10-16 20:00:00', 0, 15, 'F', 1),
(6, 'entreprise_01', 'la cyber en entreprise', '2023-10-16 20:00:00', 127, 15, 'F', 5);

--
-- Déclencheurs `quiz`
--
DROP TRIGGER IF EXISTS `avant_insertion_quiz`;
DELIMITER $$
CREATE TRIGGER `avant_insertion_quiz` BEFORE INSERT ON `quiz` FOR EACH ROW BEGIN
	-- Contrôle du titre et de la description
	SET new.Titre = lower(new.Titre);
    SET new.Description = LOWER(new.Description);
END
$$
DELIMITER ;

-- --------------------------------------------------------

--
-- Structure de la table `reponse`
--

DROP TABLE IF EXISTS `reponse`;
CREATE TABLE IF NOT EXISTS `reponse` (
  `question_numero` int NOT NULL,
  `proposition_numero` int NOT NULL,
  `bonneReponse` tinyint(1) NOT NULL,
  PRIMARY KEY (`question_numero`,`proposition_numero`),
  KEY `question_numero` (`question_numero`,`proposition_numero`),
  KEY `proposition_numero` (`proposition_numero`)
) ENGINE=InnoDB DEFAULT CHARSET=utf8mb4 COLLATE=utf8mb4_general_ci;

--
-- Déchargement des données de la table `reponse`
--

INSERT INTO `reponse` (`question_numero`, `proposition_numero`, `bonneReponse`) VALUES
(1, 9, 0),
(1, 10, 0),
(1, 11, 1),
(1, 12, 0),
(2, 13, 0),
(2, 14, 1),
(2, 15, 0),
(2, 16, 0),
(3, 5, 0),
(3, 6, 0),
(3, 7, 0),
(3, 8, 1),
(4, 1, 0),
(4, 2, 1),
(4, 3, 0),
(4, 4, 0),
(5, 17, 1),
(5, 18, 0),
(5, 19, 0),
(5, 20, 0),
(6, 21, 0),
(6, 22, 0),
(6, 23, 1),
(6, 24, 0),
(7, 13, 0),
(7, 14, 1),
(7, 25, 0),
(7, 26, 0),
(8, 27, 0),
(8, 28, 0),
(8, 29, 1),
(8, 30, 0),
(9, 31, 0),
(9, 32, 0),
(9, 33, 0),
(9, 34, 1),
(10, 35, 0),
(10, 36, 0),
(10, 37, 0),
(10, 38, 1),
(11, 39, 0),
(11, 40, 1),
(11, 41, 0),
(11, 42, 0),
(12, 43, 0),
(12, 44, 0),
(12, 45, 1),
(12, 46, 0),
(13, 13, 1),
(13, 14, 0),
(13, 16, 0),
(13, 47, 0),
(14, 13, 0),
(14, 48, 0),
(14, 49, 0),
(14, 50, 1),
(15, 51, 0),
(15, 52, 0),
(15, 53, 0),
(15, 54, 1),
(16, 55, 0),
(16, 56, 1),
(16, 57, 0),
(16, 58, 0),
(17, 59, 0),
(17, 60, 1),
(17, 61, 0),
(17, 62, 0),
(18, 63, 0),
(18, 64, 1),
(18, 65, 0),
(18, 66, 0),
(19, 67, 1),
(19, 68, 0),
(19, 69, 0),
(19, 70, 0),
(20, 71, 0),
(20, 72, 0),
(20, 73, 1),
(20, 74, 0),
(21, 75, 0),
(21, 76, 1),
(21, 77, 0),
(21, 78, 0),
(22, 79, 0),
(22, 80, 0),
(22, 81, 1),
(22, 82, 0),
(23, 83, 1),
(23, 84, 0),
(23, 85, 0),
(23, 86, 0),
(24, 83, 0),
(24, 84, 1),
(24, 85, 0),
(24, 86, 0),
(25, 83, 0),
(25, 84, 0),
(25, 85, 0),
(25, 86, 1),
(26, 87, 1),
(26, 88, 0),
(26, 89, 0),
(26, 90, 0),
(27, 91, 0),
(27, 92, 1),
(27, 93, 0),
(27, 94, 0),
(28, 95, 0),
(28, 96, 0),
(28, 97, 1),
(28, 98, 0),
(29, 99, 0),
(29, 100, 0),
(29, 101, 1),
(29, 102, 0),
(30, 103, 1),
(30, 104, 0),
(30, 105, 0),
(30, 106, 0),
(31, 107, 1),
(31, 108, 0),
(31, 109, 0),
(31, 110, 0),
(32, 111, 0),
(32, 112, 1),
(32, 113, 0),
(32, 114, 0),
(33, 115, 0),
(33, 116, 0),
(33, 117, 1),
(33, 118, 0),
(34, 119, 0),
(34, 120, 1),
(34, 121, 0),
(34, 122, 0),
(35, 123, 1),
(35, 124, 0),
(35, 125, 0),
(35, 126, 0),
(36, 127, 1),
(36, 128, 0),
(36, 129, 0),
(36, 130, 0),
(37, 131, 0),
(37, 132, 0),
(37, 133, 0),
(37, 134, 1),
(38, 23, 0),
(38, 24, 1),
(38, 135, 0),
(38, 136, 0),
(39, 137, 1),
(39, 138, 0),
(39, 139, 0),
(39, 140, 0),
(40, 141, 1),
(40, 142, 0),
(40, 143, 0),
(40, 144, 0),
(41, 145, 0),
(41, 146, 1),
(41, 147, 0),
(41, 148, 0),
(42, 149, 0),
(42, 150, 0),
(42, 151, 0),
(42, 152, 1),
(43, 153, 0),
(43, 154, 1),
(43, 155, 0),
(43, 156, 0),
(44, 157, 0),
(44, 158, 1),
(44, 159, 0),
(44, 160, 0),
(45, 161, 1),
(45, 162, 0),
(45, 163, 0),
(45, 164, 0),
(46, 165, 0),
(46, 166, 1),
(46, 167, 0),
(46, 168, 0),
(47, 169, 0),
(47, 170, 0),
(47, 171, 1),
(47, 172, 0),
(48, 173, 0),
(48, 174, 0),
(48, 175, 1),
(48, 176, 0),
(49, 177, 0),
(49, 178, 1),
(49, 179, 0),
(49, 180, 0),
(50, 181, 0),
(50, 182, 1),
(50, 183, 0),
(50, 184, 0),
(51, 185, 1),
(51, 186, 0),
(51, 187, 0),
(51, 188, 0),
(52, 189, 0),
(52, 190, 0),
(52, 191, 1),
(52, 192, 0),
(53, 193, 0),
(53, 194, 1),
(53, 195, 0),
(53, 196, 0),
(54, 197, 0),
(54, 198, 1),
(54, 199, 0),
(54, 200, 0),
(55, 201, 1),
(55, 202, 0),
(55, 203, 0),
(55, 204, 0),
(56, 201, 0),
(56, 202, 0),
(56, 203, 1),
(56, 204, 0),
(57, 205, 1),
(57, 206, 0),
(57, 207, 0),
(57, 208, 0),
(58, 209, 1),
(58, 210, 0),
(58, 211, 0),
(58, 212, 0),
(59, 213, 0),
(59, 214, 1),
(59, 215, 0),
(59, 216, 0),
(60, 217, 1),
(60, 218, 0),
(60, 219, 0),
(60, 220, 0),
(61, 221, 1),
(61, 222, 0),
(61, 223, 0),
(61, 224, 0),
(62, 225, 0),
(62, 226, 0),
(62, 227, 1),
(62, 228, 0),
(63, 229, 0),
(63, 230, 0),
(63, 231, 1),
(63, 232, 0),
(64, 233, 0),
(64, 234, 0),
(64, 235, 0),
(64, 236, 1),
(65, 237, 0),
(65, 238, 1),
(65, 239, 0),
(65, 240, 0),
(66, 241, 1),
(66, 242, 0),
(66, 243, 0),
(66, 244, 0),
(67, 245, 0),
(67, 246, 0),
(67, 247, 1),
(67, 248, 0),
(68, 249, 1),
(68, 250, 0),
(68, 251, 0),
(68, 252, 0),
(69, 253, 0),
(69, 254, 0),
(69, 255, 1),
(69, 256, 0),
(70, 257, 0),
(70, 258, 0),
(70, 259, 0),
(70, 260, 1),
(71, 261, 1),
(71, 262, 0),
(71, 263, 0),
(71, 264, 0),
(72, 265, 0),
(72, 266, 1),
(72, 267, 0),
(72, 268, 0),
(73, 269, 1),
(73, 270, 0),
(73, 271, 0),
(73, 272, 0),
(74, 273, 0),
(74, 274, 0),
(74, 275, 1),
(74, 276, 0),
(75, 277, 0),
(75, 278, 0),
(75, 279, 0),
(75, 280, 1),
(76, 281, 1),
(76, 282, 0),
(76, 283, 0),
(76, 284, 0),
(77, 285, 0),
(77, 286, 1),
(77, 287, 0),
(77, 288, 0),
(78, 289, 0),
(78, 290, 1),
(78, 291, 0),
(78, 292, 0),
(79, 293, 1),
(79, 294, 0),
(79, 295, 0),
(79, 296, 0),
(80, 297, 1),
(80, 298, 0),
(80, 299, 0),
(80, 300, 0),
(81, 301, 0),
(81, 302, 0),
(81, 303, 1),
(81, 304, 0),
(82, 305, 0),
(82, 306, 0),
(82, 307, 1),
(82, 308, 0),
(83, 309, 0),
(83, 310, 0),
(83, 311, 1),
(83, 312, 0),
(84, 313, 0),
(84, 314, 0),
(84, 315, 1),
(84, 316, 0),
(85, 317, 0),
(85, 318, 0),
(85, 319, 0),
(85, 320, 1),
(86, 321, 0),
(86, 322, 0),
(86, 323, 1),
(86, 324, 0),
(87, 325, 0),
(87, 326, 0),
(87, 327, 0),
(87, 328, 1),
(88, 329, 1),
(88, 330, 0),
(88, 331, 0),
(88, 332, 0),
(89, 333, 1),
(89, 334, 0),
(89, 335, 0),
(89, 336, 0),
(90, 337, 0),
(90, 338, 0),
(90, 339, 1),
(90, 340, 0),
(91, 341, 0),
(91, 342, 0),
(91, 343, 1),
(91, 344, 0),
(92, 345, 1),
(92, 346, 0),
(92, 347, 0),
(92, 348, 0),
(93, 349, 1),
(93, 350, 0),
(93, 351, 0),
(93, 352, 0),
(94, 353, 0),
(94, 354, 0),
(94, 355, 0),
(94, 356, 1),
(95, 357, 0),
(95, 358, 1),
(95, 359, 0),
(95, 360, 0),
(96, 361, 0),
(96, 362, 0),
(96, 363, 1),
(96, 364, 0),
(97, 365, 1),
(97, 366, 0),
(97, 367, 0),
(97, 368, 0),
(98, 369, 0),
(98, 370, 0),
(98, 371, 0),
(98, 372, 1),
(99, 373, 0),
(99, 374, 0),
(99, 375, 1),
(99, 376, 0),
(100, 377, 0),
(100, 378, 1),
(100, 379, 0),
(100, 380, 0),
(101, 381, 0),
(101, 382, 0),
(101, 383, 1),
(101, 384, 0),
(102, 385, 1),
(102, 386, 0),
(102, 387, 0),
(102, 388, 0),
(103, 393, 0),
(103, 394, 1),
(103, 395, 0),
(103, 396, 0),
(104, 397, 0),
(104, 398, 1),
(104, 399, 0),
(104, 400, 0),
(105, 401, 0),
(105, 402, 0),
(105, 403, 1),
(105, 404, 0),
(106, 405, 0),
(106, 406, 0),
(106, 407, 0),
(106, 408, 1),
(107, 409, 1),
(107, 410, 0),
(107, 411, 0),
(107, 412, 0),
(108, 413, 0),
(108, 414, 1),
(108, 415, 0),
(108, 416, 0),
(109, 417, 1),
(109, 418, 0),
(109, 419, 0),
(109, 420, 0),
(110, 421, 0),
(110, 422, 1),
(110, 423, 0),
(110, 424, 0),
(111, 421, 1),
(111, 422, 0),
(111, 423, 0),
(111, 424, 0),
(112, 425, 0),
(112, 426, 0),
(112, 427, 1),
(112, 428, 0),
(113, 429, 0),
(113, 430, 1),
(113, 431, 0),
(113, 432, 0),
(114, 433, 0),
(114, 434, 0),
(114, 435, 1),
(114, 436, 0),
(115, 437, 0),
(115, 438, 0),
(115, 439, 1),
(115, 440, 0),
(116, 441, 0),
(116, 442, 1),
(116, 443, 0),
(116, 444, 0),
(117, 441, 1),
(117, 442, 0),
(117, 443, 0),
(117, 444, 0),
(118, 445, 0),
(118, 446, 0),
(118, 447, 0),
(118, 448, 1),
(119, 445, 0),
(119, 446, 0),
(119, 449, 1),
(119, 450, 0),
(120, 451, 0),
(120, 452, 0),
(120, 453, 0),
(120, 454, 1),
(121, 455, 0),
(121, 456, 0),
(121, 457, 1),
(121, 458, 0),
(122, 459, 1),
(122, 460, 0),
(122, 461, 0),
(122, 462, 0),
(123, 463, 1),
(123, 464, 0),
(123, 465, 0),
(123, 466, 0),
(124, 467, 1),
(124, 468, 0),
(124, 469, 0),
(124, 470, 0),
(125, 471, 0),
(125, 472, 0),
(125, 473, 1),
(125, 474, 0),
(126, 475, 0),
(126, 476, 0),
(126, 477, 1),
(126, 478, 0),
(127, 479, 0),
(127, 480, 1),
(127, 481, 0),
(127, 482, 0),
(128, 483, 0),
(128, 484, 1),
(128, 485, 0),
(128, 486, 0),
(129, 487, 1),
(129, 488, 0),
(129, 489, 0),
(129, 490, 0),
(130, 491, 0),
(130, 492, 1),
(130, 493, 0),
(130, 494, 0),
(131, 495, 1),
(131, 496, 0),
(131, 497, 0),
(131, 498, 0),
(132, 499, 0),
(132, 500, 1),
(132, 501, 0),
(132, 502, 0),
(133, 503, 1),
(133, 504, 0),
(133, 505, 0),
(133, 506, 0),
(134, 507, 1),
(134, 508, 0),
(134, 509, 0),
(134, 510, 0),
(135, 511, 0),
(135, 512, 0),
(135, 513, 1),
(135, 514, 0),
(136, 515, 1),
(136, 516, 0),
(136, 517, 0),
(136, 518, 0),
(137, 519, 0),
(137, 520, 0),
(137, 521, 1),
(137, 522, 0),
(138, 523, 0),
(138, 524, 0),
(138, 525, 1),
(138, 526, 0),
(139, 527, 0),
(139, 528, 1),
(139, 529, 0),
(139, 530, 0),
(140, 531, 0),
(140, 532, 1),
(140, 533, 0),
(140, 534, 0),
(141, 535, 0),
(141, 536, 1),
(141, 537, 0),
(141, 538, 0),
(142, 539, 1),
(142, 540, 0),
(142, 541, 0),
(142, 542, 0),
(143, 543, 0),
(143, 544, 1),
(143, 545, 0),
(143, 546, 0),
(144, 547, 1),
(144, 548, 0),
(144, 549, 0),
(144, 550, 0),
(145, 551, 1),
(145, 552, 0),
(145, 553, 0),
(145, 554, 0),
(146, 555, 1),
(146, 556, 0),
(146, 557, 0),
(146, 558, 0),
(147, 559, 0),
(147, 560, 1),
(147, 561, 0),
(147, 562, 0),
(148, 559, 1),
(148, 560, 0),
(148, 561, 0),
(148, 562, 0),
(149, 563, 0),
(149, 564, 1),
(149, 565, 0),
(149, 566, 0),
(150, 567, 0),
(150, 568, 1),
(150, 569, 0),
(150, 570, 0),
(151, 571, 0),
(151, 572, 1),
(151, 573, 0),
(151, 574, 0),
(152, 575, 0),
(152, 576, 0),
(152, 577, 1),
(152, 578, 0),
(153, 579, 0),
(153, 580, 1),
(153, 581, 0),
(153, 582, 0),
(154, 583, 0),
(154, 584, 0),
(154, 585, 1),
(154, 586, 0),
(155, 587, 0),
(155, 588, 1),
(155, 589, 0),
(155, 590, 0),
(156, 591, 0),
(156, 592, 0),
(156, 593, 0),
(156, 594, 1),
(157, 85, 0),
(157, 400, 0),
(157, 401, 0),
(157, 595, 1),
(158, 596, 1),
(158, 597, 0),
(158, 598, 0),
(158, 599, 0),
(159, 600, 0),
(159, 601, 1),
(159, 602, 0),
(159, 603, 0),
(160, 604, 1),
(160, 605, 0),
(160, 606, 0),
(160, 607, 0),
(161, 608, 0),
(161, 609, 0),
(161, 610, 1),
(161, 611, 0),
(162, 212, 0),
(162, 404, 0),
(162, 612, 1),
(162, 613, 0),
(163, 614, 0),
(163, 615, 0),
(163, 616, 0),
(163, 617, 1),
(164, 475, 0),
(164, 476, 1),
(164, 560, 0),
(164, 618, 0),
(165, 619, 0),
(165, 620, 1),
(165, 621, 0),
(165, 622, 0),
(166, 623, 1),
(166, 624, 0),
(166, 625, 0),
(166, 626, 0),
(167, 627, 0),
(167, 628, 0),
(167, 629, 1),
(167, 630, 0),
(168, 631, 1),
(168, 632, 0),
(168, 633, 0),
(168, 634, 0),
(169, 635, 0),
(169, 636, 0),
(169, 637, 1),
(169, 638, 0),
(170, 639, 1),
(170, 640, 0),
(170, 641, 0),
(170, 642, 0),
(171, 643, 0),
(171, 644, 0),
(171, 645, 0),
(171, 646, 1),
(172, 647, 0),
(172, 648, 0),
(172, 649, 0),
(172, 650, 1),
(173, 651, 1),
(173, 652, 0),
(173, 653, 0),
(173, 654, 0),
(174, 399, 0),
(174, 655, 1),
(174, 656, 0),
(174, 657, 0),
(175, 658, 1),
(175, 659, 0),
(175, 660, 0),
(175, 661, 0),
(176, 662, 0),
(176, 663, 0),
(176, 664, 1),
(176, 665, 0),
(177, 666, 0),
(177, 667, 0),
(177, 668, 0),
(177, 669, 1),
(178, 670, 0),
(178, 671, 1),
(178, 672, 0),
(178, 673, 0),
(179, 674, 1),
(179, 675, 0),
(179, 676, 0),
(179, 677, 0),
(180, 399, 0),
(180, 550, 1),
(180, 655, 0),
(180, 657, 0),
(181, 678, 0),
(181, 679, 0),
(181, 680, 0),
(181, 681, 1),
(182, 682, 0),
(182, 683, 1),
(182, 684, 0),
(182, 685, 0),
(183, 686, 0),
(183, 687, 0),
(183, 688, 0),
(183, 689, 1),
(184, 690, 1),
(184, 691, 0),
(184, 692, 0),
(184, 693, 0),
(185, 255, 0),
(185, 586, 0),
(185, 694, 0),
(185, 695, 1),
(186, 696, 0),
(186, 697, 0),
(186, 698, 1),
(186, 699, 0),
(187, 401, 1),
(187, 559, 0),
(187, 700, 0),
(187, 701, 0),
(188, 702, 0),
(188, 703, 0),
(188, 704, 0),
(188, 705, 1),
(189, 706, 1),
(189, 707, 0),
(189, 708, 0),
(189, 709, 0),
(190, 710, 0),
(190, 711, 0),
(190, 712, 1),
(190, 713, 0),
(191, 255, 0),
(191, 256, 0),
(191, 714, 1),
(191, 715, 0),
(192, 716, 0),
(192, 717, 0),
(192, 718, 1),
(192, 719, 0),
(193, 720, 0),
(193, 721, 1),
(193, 722, 0),
(193, 723, 0),
(194, 13, 0),
(194, 14, 1),
(194, 724, 0),
(194, 725, 0),
(195, 726, 0),
(195, 727, 0),
(195, 728, 0),
(195, 729, 1),
(196, 730, 1),
(196, 731, 0),
(196, 732, 0),
(196, 733, 0),
(197, 734, 1),
(197, 735, 0),
(197, 736, 0),
(197, 737, 0),
(198, 738, 0),
(198, 739, 0),
(198, 740, 0),
(198, 741, 1),
(199, 742, 1),
(199, 743, 0),
(199, 744, 0),
(199, 745, 0),
(200, 746, 1),
(200, 747, 0),
(200, 748, 0),
(200, 749, 0);

-- --------------------------------------------------------

--
-- Structure de la table `resultat`
--

DROP TABLE IF EXISTS `resultat`;
CREATE TABLE IF NOT EXISTS `resultat` (
  `Quiz_numero` smallint NOT NULL,
  `Joueur_id` int NOT NULL,
  `dateObtention` date NOT NULL,
  `nbBonnesRep` smallint NOT NULL,
  PRIMARY KEY (`Quiz_numero`,`Joueur_id`,`dateObtention`),
  KEY `Quiz_numero` (`Quiz_numero`,`Joueur_id`),
  KEY `Joueur_id` (`Joueur_id`)
) ENGINE=InnoDB DEFAULT CHARSET=utf8mb4 COLLATE=utf8mb4_general_ci;

--
-- Déclencheurs `resultat`
--
DROP TRIGGER IF EXISTS `avant_insertion_resultat`;
DELIMITER $$
CREATE TRIGGER `avant_insertion_resultat` BEFORE INSERT ON `resultat` FOR EACH ROW BEGIN
    SET NEW.dateObtention = CURRENT_DATE();
END
$$
DELIMITER ;

-- --------------------------------------------------------

--
-- Structure de la table `section`
--

DROP TABLE IF EXISTS `section`;
CREATE TABLE IF NOT EXISTS `section` (
  `P_id` tinyint NOT NULL AUTO_INCREMENT COMMENT 'Clé primaire de la section',
  `nom` varchar(32) CHARACTER SET utf8mb4 COLLATE utf8mb4_general_ci DEFAULT NULL,
  `annee` year DEFAULT NULL,
  `specialite` varchar(64) CHARACTER SET utf8mb4 COLLATE utf8mb4_general_ci DEFAULT NULL,
  PRIMARY KEY (`P_id`)
) ENGINE=InnoDB DEFAULT CHARSET=utf8mb4 COLLATE=utf8mb4_general_ci;

-- --------------------------------------------------------

--
-- Structure de la table `theme`
--

DROP TABLE IF EXISTS `theme`;
CREATE TABLE IF NOT EXISTS `theme` (
  `P_Numero` smallint NOT NULL AUTO_INCREMENT COMMENT 'Clé primaire du thème',
  `libelle` varchar(64) CHARACTER SET utf8mb4 COLLATE utf8mb4_general_ci NOT NULL,
  PRIMARY KEY (`P_Numero`)
) ENGINE=InnoDB AUTO_INCREMENT=6 DEFAULT CHARSET=utf8mb4 COLLATE=utf8mb4_general_ci;

--
-- Déchargement des données de la table `theme`
--

INSERT INTO `theme` (`P_Numero`, `libelle`) VALUES
(1, 'réseaux sociaux && cyber-harcèlement'),
(2, 'mots de passes && culture cyber'),
(3, 'cyber-harcèlement'),
(4, 'culture cyber'),
(5, 'entreprise');

--
-- Déclencheurs `theme`
--
DROP TRIGGER IF EXISTS `avant_insertion_theme`;
DELIMITER $$
CREATE TRIGGER `avant_insertion_theme` BEFORE INSERT ON `theme` FOR EACH ROW BEGIN
	-- Contrôle du nom et prénom
    SET new.libelle = LOWER(new.libelle);

END
$$
DELIMITER ;

--
-- Contraintes pour les tables déchargées
--

--
-- Contraintes pour la table `joueur`
--
ALTER TABLE `joueur`
  ADD CONSTRAINT `joueur_section_CLE` FOREIGN KEY (`Section_id`) REFERENCES `section` (`P_id`);

--
-- Contraintes pour la table `question`
--
ALTER TABLE `question`
  ADD CONSTRAINT `question_niveau_CLE` FOREIGN KEY (`niveauDifficulte_id`) REFERENCES `niveaudifficulte` (`P_id`),
  ADD CONSTRAINT `question_theme_FK` FOREIGN KEY (`theme_numero`) REFERENCES `theme` (`P_Numero`);

--
-- Contraintes pour la table `questionsquiz`
--
ALTER TABLE `questionsquiz`
  ADD CONSTRAINT `questionsquiz_ibfk_1` FOREIGN KEY (`quiz_numero`) REFERENCES `quiz` (`P_numero`),
  ADD CONSTRAINT `questionsquiz_ibfk_2` FOREIGN KEY (`question_numero`) REFERENCES `question` (`P_numero`);

--
-- Contraintes pour la table `quiz`
--
ALTER TABLE `quiz`
  ADD CONSTRAINT `quiz_niveau_CLE` FOREIGN KEY (`NiveauDifficulte_id`) REFERENCES `niveaudifficulte` (`P_id`),
  ADD CONSTRAINT `quiz_theme_CLE` FOREIGN KEY (`theme_numero`) REFERENCES `theme` (`P_Numero`);

--
-- Contraintes pour la table `reponse`
--
ALTER TABLE `reponse`
  ADD CONSTRAINT `reponse_ibfk_1` FOREIGN KEY (`proposition_numero`) REFERENCES `propositions` (`P_numero`),
  ADD CONSTRAINT `reponse_ibfk_2` FOREIGN KEY (`question_numero`) REFERENCES `question` (`P_numero`);

--
-- Contraintes pour la table `resultat`
--
ALTER TABLE `resultat`
  ADD CONSTRAINT `resultat_ibfk_1` FOREIGN KEY (`Joueur_id`) REFERENCES `joueur` (`P_id`),
  ADD CONSTRAINT `resultat_ibfk_2` FOREIGN KEY (`Quiz_numero`) REFERENCES `quiz` (`P_numero`);
COMMIT;

/*!40101 SET CHARACTER_SET_CLIENT=@OLD_CHARACTER_SET_CLIENT */;
/*!40101 SET CHARACTER_SET_RESULTS=@OLD_CHARACTER_SET_RESULTS */;
/*!40101 SET COLLATION_CONNECTION=@OLD_COLLATION_CONNECTION */;
